transaction_id,cinema_id,movie_id,ticket_sales,date,time,purchase_channel
1,8,2,3,2023-04-29,18:30,Offline
2,24,6,2,2023-03-13,10:00,Online
3,4,6,2,2023-03-09,11:00,Offline
4,24,9,4,2023-08-23,15:00,Mobile
5,27,4,1,2023-03-02,16:30,Online
6,27,19,4,2023-07-16,22:30,Offline
7,2,10,1,2023-03-27,21:30,Offline
8,28,4,2,2023-09-28,13:30,Offline
9,30,20,2,2023-09-11,16:00,Mobile
10,8,18,3,2023-04-26,19:30,Mobile
11,4,10,1,2023-08-28,13:30,Mobile
12,30,12,2,2023-07-04,13:30,Mobile
13,4,1,4,2023-06-05,10:00,Online
14,15,10,2,2023-02-17,13:00,Offline
15,27,5,3,2023-05-23,10:30,Online
16,1,13,2,2023-06-08,11:00,Offline
17,21,20,3,2023-05-02,15:00,Offline
18,24,19,1,2023-08-01,18:00,Mobile
19,12,13,2,2023-07-21,15:00,Online
20,21,7,2,2023-12-18,22:00,Offline
21,17,10,4,2023-03-09,11:00,Mobile
22,4,19,2,2023-03-02,16:30,Online
23,2,8,4,2023-04-14,11:00,Online
24,20,16,1,2023-11-07,15:00,Offline
25,28,9,1,2023-12-25,14:30,Offline
26,8,3,1,2023-11-19,13:00,Offline
27,17,3,1,2023-11-06,22:00,Offline
28,13,3,1,2023-12-29,10:30,Mobile
29,5,14,4,2023-02-20,18:00,Mobile
30,5,20,4,2023-05-31,14:00,Offline
31,14,12,3,2023-02-21,15:30,Offline
32,24,20,2,2023-12-05,14:30,Offline
33,12,3,3,2023-05-23,11:30,Mobile
34,26,18,3,2023-09-19,11:00,Online
35,29,1,3,2023-04-11,20:00,Offline
36,18,6,2,2023-03-28,22:30,Offline
37,7,7,4,2023-03-23,14:00,Offline
38,2,15,1,2023-10-30,15:30,Offline
39,10,10,1,2023-12-25,14:30,Offline
40,29,19,4,2023-10-12,12:00,Mobile
41,12,16,3,2023-09-05,12:00,Offline
42,16,19,2,2023-02-24,17:30,Online
43,19,7,1,2023-08-06,13:30,Online
44,28,20,3,2023-12-26,16:30,Mobile
45,28,2,2,2023-06-05,22:30,Mobile
46,17,3,2,2023-05-31,18:30,Online
47,2,6,1,2023-08-15,13:00,Mobile
48,22,7,4,2023-09-06,11:30,Online
49,13,1,1,2023-11-04,22:00,Mobile
50,29,2,3,2023-11-08,12:00,Mobile
51,28,6,4,2023-07-04,11:30,Mobile
52,5,15,3,2023-08-09,21:30,Mobile
53,22,8,3,2023-01-30,11:00,Online
54,22,6,2,2023-06-04,18:00,Offline
55,17,10,1,2023-07-12,12:00,Offline
56,27,19,1,2023-05-13,21:30,Online
57,4,9,4,2023-07-12,16:30,Mobile
58,8,9,3,2023-05-02,20:00,Online
59,17,11,4,2023-11-14,22:00,Offline
60,21,6,3,2023-07-14,19:00,Mobile
61,14,3,1,2023-09-15,16:00,Mobile
62,4,4,3,2023-11-27,21:00,Mobile
63,7,16,3,2023-04-06,13:30,Online
64,14,10,1,2023-05-02,20:00,Offline
65,23,10,3,2023-03-12,15:30,Mobile
66,12,17,1,2023-04-20,17:30,Mobile
67,21,9,3,2023-04-20,21:30,Online
68,17,18,2,2023-10-15,12:30,Mobile
69,28,2,4,2023-06-20,10:00,Online
70,30,12,3,2023-01-20,20:30,Offline
71,19,6,4,2023-12-16,22:30,Offline
72,20,8,4,2023-08-16,22:00,Offline
73,20,3,2,2023-08-30,13:30,Offline
74,6,13,2,2023-12-23,11:30,Offline
75,2,10,1,2023-05-25,22:30,Online
76,4,16,3,2023-10-27,10:00,Mobile
77,1,15,2,2024-01-01,12:00,Mobile
78,7,19,2,2023-04-16,17:00,Offline
79,4,13,2,2023-10-31,19:00,Offline
80,13,10,3,2024-01-01,12:30,Online
81,14,9,3,2023-03-05,12:30,Mobile
82,5,19,3,2023-09-26,11:30,Online
83,20,4,1,2023-12-15,21:30,Mobile
84,28,11,4,2023-08-24,19:00,Offline
85,14,4,1,2023-03-20,10:30,Online
86,4,15,2,2023-07-18,13:00,Offline
87,3,13,3,2023-06-13,21:00,Mobile
88,4,4,2,2023-07-16,18:00,Offline
89,17,18,3,2023-02-01,12:30,Mobile
90,5,2,1,2023-07-21,17:30,Offline
91,7,20,2,2023-05-14,20:00,Offline
92,14,18,3,2023-07-30,18:30,Online
93,30,9,2,2023-07-21,13:30,Mobile
94,21,9,3,2023-03-02,12:00,Online
95,22,7,3,2023-03-06,16:00,Mobile
96,27,9,1,2023-03-09,18:00,Mobile
97,9,16,2,2023-12-30,11:00,Offline
98,2,17,2,2023-11-16,13:30,Online
99,20,2,1,2023-12-22,18:00,Offline
100,16,1,2,2023-11-26,15:00,Offline
101,15,7,1,2023-05-11,12:00,Mobile
102,9,4,2,2023-10-26,14:00,Mobile
103,3,20,2,2023-02-05,11:00,Mobile
104,3,3,1,2023-12-07,14:30,Online
105,13,9,4,2023-03-21,12:00,Online
106,30,11,3,2023-05-15,21:30,Mobile
107,2,15,4,2023-03-06,15:30,Online
108,26,12,2,2023-03-10,15:30,Offline
109,21,14,4,2023-08-21,17:00,Offline
110,4,8,4,2023-01-20,20:30,Online
111,5,17,2,2023-10-10,16:00,Mobile
112,6,17,4,2023-02-27,13:00,Online
113,5,14,4,2023-01-31,12:30,Offline
114,8,1,4,2023-04-20,13:00,Mobile
115,26,18,2,2023-09-29,12:00,Mobile
116,7,7,3,2023-03-12,13:00,Offline
117,23,10,1,2023-04-21,14:00,Online
118,20,4,1,2023-12-24,10:00,Mobile
119,24,11,4,2023-09-22,16:30,Online
120,24,15,4,2023-04-06,21:00,Mobile
121,22,12,3,2023-01-16,20:00,Offline
122,3,5,1,2023-02-24,11:00,Online
123,30,18,2,2023-09-16,12:00,Online
124,3,17,2,2023-06-12,15:30,Online
125,11,13,2,2023-07-19,18:00,Mobile
126,5,11,1,2023-02-14,21:30,Mobile
127,21,5,3,2023-12-21,12:00,Mobile
128,8,4,4,2023-09-13,10:30,Offline
129,19,16,2,2023-10-31,14:00,Offline
130,29,9,3,2023-07-30,18:30,Offline
131,12,2,3,2023-05-07,13:00,Online
132,29,13,1,2023-08-08,19:00,Mobile
133,1,15,3,2023-06-22,14:00,Mobile
134,6,19,2,2023-10-06,10:30,Online
135,1,16,3,2023-07-12,16:00,Offline
136,11,19,1,2023-07-09,22:30,Mobile
137,26,5,3,2023-07-05,18:00,Mobile
138,2,8,2,2023-09-09,10:30,Offline
139,17,10,4,2023-05-22,14:00,Mobile
140,20,7,1,2023-12-29,22:30,Online
141,15,15,2,2023-05-23,10:30,Offline
142,18,14,2,2023-08-21,20:30,Mobile
143,14,10,2,2023-09-17,22:30,Mobile
144,17,12,4,2023-07-26,19:00,Offline
145,7,1,1,2023-03-12,12:00,Offline
146,3,5,4,2023-08-13,18:00,Mobile
147,14,19,3,2023-12-13,11:30,Offline
148,12,1,3,2023-02-26,12:30,Mobile
149,23,20,3,2023-12-22,19:30,Offline
150,6,12,1,2023-05-09,21:00,Online
151,4,10,1,2023-10-14,14:00,Mobile
152,29,18,2,2023-08-17,11:00,Offline
153,12,3,4,2023-11-28,15:30,Mobile
154,20,19,2,2023-04-15,18:00,Offline
155,21,17,4,2023-08-30,12:00,Online
156,16,2,2,2023-02-26,14:30,Online
157,16,17,4,2023-03-25,20:30,Offline
158,26,12,1,2023-08-04,12:00,Online
159,14,16,4,2023-04-17,21:00,Offline
160,29,5,4,2023-03-08,20:00,Mobile
161,28,17,3,2023-03-16,22:30,Online
162,2,5,2,2023-11-03,20:30,Online
163,12,15,1,2023-12-24,10:30,Mobile
164,25,5,1,2023-06-26,15:30,Mobile
165,17,9,2,2023-01-20,16:00,Online
166,21,3,4,2023-08-13,10:00,Offline
167,17,12,1,2023-11-29,15:00,Mobile
168,19,11,1,2023-10-18,21:30,Offline
169,30,19,2,2023-07-02,16:30,Online
170,4,16,1,2023-09-29,11:00,Online
171,12,14,3,2023-02-27,21:00,Mobile
172,4,3,4,2023-01-19,11:30,Offline
173,9,1,4,2023-05-19,18:00,Online
174,22,3,1,2023-01-20,15:00,Mobile
175,30,10,4,2023-07-02,21:30,Mobile
176,3,12,3,2023-06-10,14:00,Offline
177,16,8,4,2023-10-24,14:30,Mobile
178,3,1,4,2023-08-08,18:00,Online
179,26,18,2,2023-07-06,21:30,Online
180,23,10,1,2023-12-18,20:00,Online
181,4,15,1,2023-05-30,12:00,Mobile
182,26,17,1,2023-09-27,19:30,Mobile
183,28,9,4,2023-11-27,13:00,Offline
184,22,6,2,2023-11-20,11:00,Online
185,23,9,1,2023-08-10,12:30,Mobile
186,18,6,2,2023-08-12,12:30,Offline
187,17,17,1,2023-10-23,22:00,Mobile
188,15,16,4,2023-11-25,13:30,Offline
189,12,8,2,2023-05-19,21:30,Offline
190,3,10,4,2023-07-09,22:00,Offline
191,23,15,3,2023-06-05,11:00,Online
192,30,12,2,2023-07-11,19:30,Mobile
193,27,10,3,2023-03-06,22:00,Mobile
194,21,11,3,2023-10-28,19:00,Mobile
195,14,6,3,2024-01-01,15:30,Online
196,15,14,1,2023-01-12,21:30,Online
197,15,1,4,2023-05-09,21:00,Offline
198,10,20,3,2023-10-05,22:30,Online
199,29,3,2,2023-10-16,17:30,Mobile
200,10,4,4,2023-06-11,15:30,Online
201,5,18,3,2023-05-12,21:00,Offline
202,6,16,1,2023-05-05,20:00,Offline
203,11,5,3,2023-04-22,21:30,Offline
204,15,9,4,2023-03-13,12:00,Mobile
205,12,4,4,2023-09-10,13:30,Offline
206,28,11,1,2023-12-13,19:30,Mobile
207,24,8,1,2023-02-10,18:30,Online
208,1,2,1,2023-06-29,22:30,Mobile
209,2,19,3,2023-04-28,17:30,Online
210,27,6,2,2023-08-31,12:30,Mobile
211,3,18,4,2023-06-02,12:00,Mobile
212,9,7,1,2023-09-01,11:30,Online
213,13,1,2,2023-10-02,11:00,Mobile
214,22,9,4,2023-08-14,20:00,Mobile
215,17,5,2,2023-12-16,11:30,Offline
216,28,18,2,2023-06-11,11:00,Mobile
217,6,9,2,2023-10-03,16:30,Offline
218,11,10,3,2023-07-09,21:30,Offline
219,5,12,3,2023-05-17,11:30,Offline
220,14,18,3,2023-12-20,18:00,Online
221,5,14,1,2023-10-23,17:00,Offline
222,6,6,1,2023-06-10,18:30,Mobile
223,5,7,3,2023-11-30,20:30,Online
224,16,10,3,2023-03-31,14:00,Mobile
225,22,11,2,2023-07-18,14:00,Offline
226,15,19,1,2023-08-28,12:00,Mobile
227,6,11,3,2023-11-03,13:30,Offline
228,5,12,4,2023-08-14,21:30,Offline
229,6,18,1,2023-12-07,17:30,Offline
230,24,16,3,2023-10-13,21:00,Offline
231,18,5,3,2023-02-24,22:30,Offline
232,17,14,3,2023-10-27,15:30,Mobile
233,9,1,2,2023-02-10,19:30,Mobile
234,2,8,4,2023-01-01,14:00,Online
235,20,10,4,2023-05-18,19:00,Online
236,27,16,1,2023-03-10,17:00,Offline
237,2,12,4,2023-08-17,20:00,Offline
238,3,14,3,2023-08-22,21:00,Mobile
239,26,6,3,2023-12-07,19:30,Online
240,23,19,2,2023-04-30,16:00,Offline
241,10,2,2,2023-11-03,18:30,Offline
242,1,7,4,2023-09-22,20:30,Offline
243,8,9,1,2023-12-04,22:30,Online
244,13,16,3,2023-09-09,20:30,Online
245,22,8,1,2023-08-15,19:00,Online
246,9,17,1,2023-05-09,14:00,Online
247,7,16,4,2023-04-20,12:00,Mobile
248,11,13,4,2023-05-16,14:30,Offline
249,21,20,4,2023-09-03,13:00,Online
250,2,12,1,2023-10-16,21:00,Mobile
251,15,8,1,2023-04-18,16:30,Online
252,7,9,2,2023-08-29,17:00,Online
253,14,3,1,2023-06-19,14:30,Mobile
254,29,5,3,2023-03-11,11:30,Online
255,19,4,4,2023-05-30,14:30,Offline
256,18,4,4,2023-01-28,22:00,Mobile
257,30,4,3,2023-05-27,13:30,Mobile
258,8,5,1,2023-07-02,12:00,Offline
259,12,6,1,2023-09-28,13:00,Online
260,12,8,2,2023-04-15,16:00,Offline
261,27,2,4,2023-07-14,18:00,Mobile
262,10,12,3,2023-04-10,15:00,Mobile
263,26,13,3,2023-01-22,22:30,Online
264,26,10,4,2023-07-10,21:30,Offline
265,4,14,1,2023-05-29,12:30,Mobile
266,18,9,3,2023-01-31,10:30,Offline
267,6,18,4,2023-02-17,17:00,Mobile
268,12,7,2,2023-12-24,16:00,Online
269,2,20,2,2023-05-11,18:30,Offline
270,5,19,4,2023-03-24,22:00,Online
271,19,12,4,2023-08-01,20:30,Mobile
272,8,8,3,2023-10-11,11:30,Online
273,15,16,4,2023-05-26,12:30,Mobile
274,9,20,4,2023-01-23,18:00,Offline
275,19,4,1,2023-05-24,19:30,Mobile
276,20,11,3,2023-08-17,22:30,Offline
277,1,1,3,2023-04-04,20:30,Mobile
278,30,4,3,2023-06-09,20:00,Mobile
279,27,15,3,2023-11-06,17:00,Offline
280,7,13,1,2023-02-12,12:00,Offline
281,12,12,3,2023-05-28,11:00,Mobile
282,1,6,3,2023-03-27,17:00,Offline
283,5,12,3,2023-06-07,14:00,Offline
284,24,6,4,2023-03-28,15:30,Online
285,23,19,2,2023-12-16,13:30,Offline
286,2,19,2,2023-10-18,11:30,Offline
287,30,18,2,2023-11-24,10:30,Offline
288,23,5,1,2023-09-10,12:00,Offline
289,4,19,3,2023-09-08,12:30,Online
290,19,13,3,2023-05-21,18:00,Online
291,27,4,2,2023-03-10,12:00,Mobile
292,8,19,2,2023-12-10,19:30,Online
293,7,17,4,2023-05-31,13:00,Online
294,8,10,3,2023-12-18,19:30,Offline
295,4,7,2,2023-12-14,22:00,Mobile
296,5,20,1,2023-02-22,12:00,Offline
297,13,10,2,2023-05-17,10:30,Offline
298,3,12,4,2023-03-31,21:30,Mobile
299,28,5,1,2023-12-01,16:00,Offline
300,11,3,3,2023-11-13,20:00,Mobile
301,13,18,4,2023-01-07,11:30,Mobile
302,26,10,4,2023-09-08,16:30,Offline
303,13,1,1,2023-10-01,21:00,Offline
304,10,12,3,2023-03-06,13:00,Mobile
305,1,18,4,2023-05-16,18:30,Offline
306,5,15,2,2023-12-28,21:00,Online
307,22,10,4,2023-01-07,22:00,Offline
308,10,19,1,2023-01-24,15:00,Offline
309,7,19,3,2023-05-01,14:00,Mobile
310,26,19,1,2023-08-10,13:30,Mobile
311,27,18,4,2023-11-19,19:00,Mobile
312,5,9,3,2023-08-29,22:30,Offline
313,18,15,2,2023-07-21,14:30,Offline
314,29,3,3,2023-01-17,10:30,Offline
315,9,3,1,2023-06-25,14:30,Offline
316,23,15,1,2023-07-29,17:30,Offline
317,22,7,4,2023-08-25,19:00,Offline
318,27,13,1,2023-11-21,20:30,Offline
319,14,19,1,2023-03-24,10:30,Online
320,13,8,4,2023-05-31,10:30,Online
321,14,7,3,2023-07-16,17:00,Offline
322,27,8,4,2023-03-27,17:30,Mobile
323,23,3,4,2023-07-26,15:00,Mobile
324,12,6,2,2023-12-16,11:00,Online
325,22,16,4,2023-11-23,17:30,Offline
326,5,9,3,2023-11-13,14:30,Mobile
327,21,18,4,2023-06-06,12:30,Offline
328,12,20,2,2023-08-02,10:30,Online
329,11,15,1,2023-03-14,20:00,Mobile
330,10,16,3,2023-11-12,17:00,Mobile
331,4,20,1,2023-03-26,17:30,Mobile
332,1,18,1,2023-12-21,18:00,Online
333,9,3,4,2023-01-12,13:00,Offline
334,19,20,3,2023-01-18,10:00,Offline
335,4,8,4,2023-02-27,21:30,Online
336,16,18,1,2023-08-17,20:30,Mobile
337,6,11,3,2023-10-28,17:00,Mobile
338,22,4,4,2023-05-14,18:30,Mobile
339,14,6,3,2023-12-04,22:00,Offline
340,5,2,4,2023-06-01,22:30,Online
341,18,3,3,2023-11-20,12:30,Offline
342,30,18,1,2023-08-30,18:30,Online
343,19,4,1,2023-12-16,14:00,Mobile
344,27,3,4,2023-06-13,21:00,Mobile
345,19,15,1,2023-01-21,18:30,Offline
346,19,17,3,2023-03-14,22:00,Online
347,19,18,4,2023-10-08,21:30,Offline
348,26,2,2,2023-10-31,18:30,Online
349,21,16,2,2023-08-26,12:00,Mobile
350,1,20,3,2023-09-02,17:00,Offline
351,7,17,3,2023-05-18,16:00,Offline
352,10,15,4,2023-04-28,12:00,Mobile
353,6,8,2,2023-11-14,11:30,Offline
354,10,8,4,2023-11-06,15:00,Mobile
355,25,9,4,2023-12-23,13:30,Offline
356,17,10,3,2023-02-18,16:30,Mobile
357,22,1,4,2023-06-28,12:00,Online
358,16,10,2,2023-11-18,19:30,Offline
359,26,18,3,2023-01-06,17:00,Offline
360,10,4,4,2023-06-19,18:30,Offline
361,7,8,2,2023-03-10,20:30,Offline
362,22,9,4,2023-07-10,10:00,Offline
363,24,7,2,2023-06-26,15:00,Online
364,14,3,1,2023-02-07,12:00,Online
365,4,16,4,2023-03-28,21:30,Online
366,1,16,4,2023-10-14,16:30,Offline
367,21,18,4,2023-11-14,17:30,Online
368,15,8,3,2023-05-11,13:00,Offline
369,27,9,1,2023-12-09,21:00,Mobile
370,27,16,1,2023-08-03,11:00,Mobile
371,6,13,1,2023-06-06,22:00,Offline
372,1,2,4,2023-11-28,22:30,Mobile
373,10,7,4,2023-01-28,22:30,Mobile
374,11,18,2,2023-08-03,13:00,Online
375,24,5,2,2023-11-16,11:00,Online
376,24,4,4,2023-11-16,22:00,Mobile
377,15,9,4,2023-08-30,16:30,Mobile
378,16,19,2,2023-06-15,10:30,Online
379,10,2,1,2023-02-16,20:30,Mobile
380,8,8,3,2023-06-08,15:00,Offline
381,21,1,4,2023-05-18,13:00,Offline
382,7,10,2,2023-08-22,11:00,Online
383,13,2,3,2023-11-21,16:00,Online
384,13,16,2,2023-06-09,17:30,Online
385,2,7,1,2023-06-29,20:00,Offline
386,24,3,2,2023-06-05,14:30,Online
387,10,2,3,2023-08-08,22:30,Offline
388,3,14,1,2023-03-19,10:30,Mobile
389,12,18,1,2023-09-23,10:30,Mobile
390,3,19,4,2023-06-26,18:30,Offline
391,10,17,4,2023-07-07,12:30,Mobile
392,25,3,4,2023-01-05,12:00,Online
393,23,7,3,2023-05-20,20:30,Online
394,22,10,4,2023-09-22,20:00,Offline
395,6,9,3,2023-05-20,18:00,Online
396,29,7,2,2023-05-03,17:30,Offline
397,26,13,4,2023-03-27,16:30,Offline
398,22,9,4,2023-09-15,11:00,Mobile
399,9,8,2,2023-09-02,17:30,Offline
400,3,1,2,2023-02-23,10:00,Mobile
401,9,3,2,2023-09-09,21:30,Mobile
402,6,17,1,2023-01-10,15:30,Mobile
403,9,10,2,2023-04-02,12:00,Offline
404,4,15,2,2023-04-07,19:00,Online
405,21,5,3,2023-06-03,21:00,Mobile
406,9,18,2,2023-01-25,19:00,Online
407,9,14,2,2023-09-21,16:00,Offline
408,5,15,4,2023-01-18,20:00,Online
409,21,2,2,2023-03-22,19:00,Offline
410,14,19,2,2023-04-23,21:30,Mobile
411,22,12,2,2023-12-15,15:30,Offline
412,2,14,3,2023-11-07,10:00,Mobile
413,5,3,3,2023-06-05,10:00,Online
414,18,13,1,2023-09-13,14:00,Online
415,21,15,2,2023-11-13,20:00,Mobile
416,20,14,1,2023-03-13,22:00,Offline
417,6,1,1,2023-03-03,18:00,Mobile
418,23,6,3,2023-02-20,21:00,Offline
419,2,12,1,2023-10-23,22:00,Mobile
420,20,10,1,2023-03-08,19:30,Offline
421,23,14,1,2023-02-21,21:00,Mobile
422,28,8,3,2023-11-15,14:30,Offline
423,28,15,2,2023-11-22,14:00,Online
424,13,14,3,2023-07-09,20:30,Offline
425,9,13,3,2023-10-22,19:30,Mobile
426,3,4,3,2023-11-17,15:30,Mobile
427,16,4,2,2023-11-28,22:00,Offline
428,9,3,4,2023-01-10,13:30,Online
429,23,12,4,2023-06-28,13:00,Mobile
430,17,15,4,2023-05-05,16:30,Online
431,29,4,1,2023-06-08,15:30,Online
432,10,5,2,2023-09-21,13:00,Mobile
433,11,19,3,2023-10-03,14:30,Mobile
434,12,20,3,2023-05-11,21:00,Offline
435,18,11,3,2023-01-20,19:00,Online
436,4,11,3,2023-10-17,15:00,Mobile
437,12,19,1,2023-03-27,15:30,Online
438,14,7,2,2023-10-02,10:30,Online
439,29,16,3,2023-06-15,11:30,Offline
440,21,17,3,2023-07-15,20:30,Mobile
441,5,4,3,2023-09-26,22:00,Offline
442,25,1,2,2023-02-17,16:00,Mobile
443,2,20,4,2023-10-09,22:30,Online
444,10,11,1,2023-09-11,16:30,Online
445,14,11,2,2023-10-03,13:00,Online
446,19,4,2,2023-11-26,11:30,Offline
447,30,13,1,2023-04-24,16:30,Offline
448,20,12,4,2023-09-11,16:30,Online
449,4,15,4,2023-09-26,11:30,Online
450,8,5,4,2023-12-22,19:00,Mobile
451,3,18,3,2023-01-01,14:30,Mobile
452,29,12,1,2023-09-12,19:00,Mobile
453,30,18,2,2023-04-12,20:00,Offline
454,20,15,4,2023-05-17,11:30,Online
455,13,11,2,2023-03-16,11:00,Offline
456,3,8,4,2023-04-30,21:00,Mobile
457,8,13,3,2023-07-23,10:00,Offline
458,24,16,1,2023-06-29,11:00,Mobile
459,24,2,3,2023-11-30,22:30,Mobile
460,30,16,3,2023-02-25,13:00,Offline
461,15,17,4,2023-10-11,17:30,Offline
462,6,6,4,2023-08-11,10:30,Mobile
463,28,1,1,2023-09-25,20:30,Online
464,22,14,2,2023-05-02,11:00,Online
465,18,4,3,2023-07-11,22:00,Online
466,28,19,4,2023-07-06,10:00,Mobile
467,26,16,2,2023-03-13,10:00,Online
468,11,15,2,2023-04-07,17:00,Online
469,29,6,4,2023-08-01,13:30,Mobile
470,29,1,2,2023-06-22,22:30,Offline
471,18,8,4,2023-11-25,19:00,Offline
472,25,7,3,2023-06-07,17:30,Online
473,10,4,1,2023-05-20,13:00,Mobile
474,19,1,4,2023-05-04,11:00,Offline
475,24,10,3,2023-07-15,12:00,Online
476,25,7,2,2023-06-15,18:00,Mobile
477,25,12,4,2023-02-26,12:00,Online
478,8,3,1,2023-11-29,15:00,Offline
479,26,5,4,2023-08-28,19:00,Offline
480,13,14,3,2023-07-10,11:00,Mobile
481,6,17,3,2023-04-22,17:00,Offline
482,7,6,4,2023-01-25,15:00,Mobile
483,20,4,4,2023-08-18,20:30,Online
484,29,12,4,2023-05-03,13:00,Offline
485,8,2,3,2023-12-16,19:30,Online
486,22,9,2,2023-04-26,21:00,Offline
487,16,1,3,2023-08-12,15:00,Offline
488,1,7,3,2023-10-23,19:30,Online
489,28,17,2,2023-12-15,15:30,Mobile
490,8,7,1,2023-06-27,20:00,Online
491,1,19,2,2023-09-10,12:00,Mobile
492,12,15,2,2023-07-29,18:30,Mobile
493,16,8,1,2023-09-19,21:00,Online
494,10,19,2,2023-05-27,10:30,Mobile
495,19,18,4,2023-10-14,11:30,Online
496,15,7,3,2023-04-12,12:00,Mobile
497,26,14,3,2023-01-14,13:30,Offline
498,20,19,1,2023-10-09,12:00,Offline
499,25,16,4,2023-04-25,21:00,Mobile
500,26,19,3,2023-10-04,14:00,Offline
501,29,16,1,2023-04-29,15:00,Online
502,27,13,1,2023-03-07,15:30,Online
503,20,3,2,2023-04-17,19:00,Online
504,18,4,3,2023-08-30,13:00,Offline
505,28,12,4,2023-03-17,21:30,Online
506,19,10,4,2023-07-30,21:30,Mobile
507,14,4,3,2023-01-18,11:00,Offline
508,3,13,2,2023-01-05,10:00,Online
509,15,2,4,2023-10-31,17:00,Mobile
510,12,6,1,2023-08-24,15:00,Mobile
511,1,11,2,2023-08-03,17:00,Mobile
512,16,18,1,2023-12-14,18:00,Offline
513,24,8,1,2023-06-06,22:00,Mobile
514,11,1,2,2023-06-08,16:30,Mobile
515,20,13,1,2023-06-30,14:30,Offline
516,7,2,3,2023-07-11,21:30,Online
517,24,16,4,2023-06-02,11:30,Mobile
518,25,12,2,2023-03-03,18:30,Online
519,2,6,4,2023-02-07,19:00,Online
520,9,18,1,2023-11-13,11:00,Mobile
521,10,13,4,2023-12-27,17:00,Mobile
522,14,6,3,2023-02-14,16:30,Offline
523,30,20,3,2023-12-03,21:00,Online
524,20,6,1,2023-09-09,22:30,Online
525,26,9,1,2023-12-10,19:30,Offline
526,16,13,4,2023-10-19,21:30,Mobile
527,20,17,4,2023-08-12,14:30,Mobile
528,1,9,1,2023-10-23,15:00,Offline
529,7,15,2,2023-03-22,18:00,Online
530,23,15,3,2023-08-08,19:30,Offline
531,24,3,2,2023-07-19,14:30,Online
532,7,6,3,2023-06-21,16:00,Mobile
533,16,18,1,2023-12-18,15:30,Online
534,4,4,3,2023-06-19,10:30,Offline
535,6,17,2,2023-02-06,17:30,Offline
536,11,5,3,2023-06-20,15:00,Online
537,1,9,3,2023-05-06,19:30,Mobile
538,20,4,4,2023-01-12,16:30,Mobile
539,11,5,4,2023-12-31,18:00,Offline
540,23,11,2,2023-05-17,17:00,Offline
541,30,1,3,2023-03-14,21:30,Online
542,7,20,1,2023-03-08,12:00,Online
543,26,2,4,2023-04-28,11:30,Mobile
544,13,14,1,2023-01-20,14:30,Mobile
545,16,20,3,2023-04-28,14:00,Mobile
546,13,3,2,2023-06-14,19:30,Online
547,9,18,1,2023-12-19,12:00,Offline
548,4,10,1,2023-06-15,21:30,Offline
549,27,10,1,2023-08-30,14:30,Mobile
550,26,16,3,2023-04-04,20:00,Online
551,13,14,2,2023-03-23,20:00,Offline
552,24,5,2,2023-10-27,21:30,Mobile
553,7,3,1,2023-01-01,19:30,Mobile
554,20,13,4,2023-07-28,22:00,Offline
555,17,15,3,2023-09-20,12:30,Mobile
556,28,20,4,2023-09-15,20:30,Offline
557,2,6,3,2023-11-20,16:00,Mobile
558,1,8,1,2023-10-12,21:00,Mobile
559,24,10,1,2023-04-29,16:00,Online
560,22,12,3,2023-08-20,17:30,Online
561,30,3,3,2023-10-21,13:30,Mobile
562,19,12,1,2023-01-18,19:00,Online
563,29,4,1,2023-08-09,10:30,Mobile
564,9,7,1,2023-07-30,18:30,Mobile
565,8,16,3,2023-11-06,10:30,Mobile
566,30,15,3,2023-07-13,21:00,Online
567,21,7,3,2023-12-07,11:00,Online
568,12,12,2,2023-03-12,12:00,Online
569,10,9,2,2023-07-24,18:30,Offline
570,2,10,3,2023-05-07,22:00,Mobile
571,8,12,1,2023-06-19,22:00,Mobile
572,27,12,2,2023-09-19,21:00,Mobile
573,18,18,4,2023-06-19,15:30,Online
574,13,16,4,2023-01-30,18:00,Offline
575,2,11,3,2023-09-25,11:00,Mobile
576,15,7,2,2023-02-05,17:30,Mobile
577,1,8,1,2023-02-02,15:00,Online
578,25,2,4,2023-06-09,18:00,Offline
579,5,13,1,2023-03-05,20:30,Offline
580,6,10,4,2023-05-26,17:00,Online
581,10,1,3,2023-04-14,11:30,Mobile
582,11,13,2,2023-07-01,22:30,Online
583,23,11,1,2023-12-22,18:00,Online
584,15,1,2,2023-10-29,14:30,Offline
585,15,3,3,2023-08-03,21:30,Offline
586,25,9,3,2023-03-01,20:00,Online
587,3,18,4,2023-12-06,17:30,Mobile
588,23,12,2,2023-11-29,14:30,Mobile
589,22,15,1,2023-02-02,22:00,Mobile
590,24,20,1,2023-06-24,17:00,Offline
591,3,8,2,2023-03-07,21:30,Online
592,10,3,2,2023-12-04,19:30,Offline
593,6,6,2,2023-01-12,13:00,Mobile
594,16,5,1,2023-09-17,17:00,Offline
595,30,18,1,2023-04-27,14:00,Offline
596,23,7,4,2023-08-12,14:30,Mobile
597,25,13,1,2023-01-18,12:30,Offline
598,8,7,1,2023-09-10,15:00,Offline
599,25,20,3,2023-08-15,10:00,Offline
600,10,6,2,2023-09-26,11:30,Mobile
601,19,9,2,2023-07-19,11:00,Offline
602,21,12,3,2023-07-15,19:00,Online
603,28,5,3,2023-12-24,20:00,Offline
604,11,5,1,2023-06-30,16:30,Online
605,28,6,3,2023-01-29,16:30,Offline
606,5,17,1,2023-07-21,12:00,Mobile
607,16,16,3,2023-12-09,14:30,Online
608,27,14,1,2023-05-29,20:30,Offline
609,7,12,1,2023-02-03,20:00,Mobile
610,23,8,3,2023-08-23,22:30,Offline
611,29,15,3,2023-07-20,13:30,Mobile
612,2,17,3,2023-12-20,12:00,Online
613,7,14,3,2023-04-01,16:30,Mobile
614,30,16,3,2023-11-29,14:00,Offline
615,10,13,2,2023-04-23,12:30,Mobile
616,10,10,2,2023-05-16,21:30,Offline
617,22,6,4,2023-04-17,21:30,Online
618,5,11,1,2023-02-21,21:00,Online
619,27,5,3,2023-01-12,20:00,Online
620,11,3,2,2023-02-12,10:30,Mobile
621,27,10,2,2023-04-21,16:30,Mobile
622,8,1,1,2023-09-01,13:30,Mobile
623,10,19,4,2023-12-11,13:00,Offline
624,9,13,1,2023-05-06,17:30,Mobile
625,15,10,4,2023-08-12,13:00,Online
626,24,4,1,2023-01-30,15:00,Offline
627,13,7,2,2023-09-27,12:30,Offline
628,17,5,2,2023-10-18,19:00,Mobile
629,22,6,1,2023-05-05,19:00,Online
630,20,2,1,2023-10-26,20:30,Mobile
631,25,20,2,2023-06-06,10:00,Online
632,30,1,1,2023-12-14,19:00,Mobile
633,7,6,3,2023-05-20,18:00,Offline
634,2,1,4,2023-10-20,10:30,Offline
635,29,6,2,2023-10-29,19:00,Online
636,30,15,2,2023-09-17,17:30,Mobile
637,29,2,2,2023-08-17,14:00,Online
638,10,15,4,2023-06-09,21:30,Mobile
639,21,15,2,2023-05-09,14:00,Mobile
640,14,1,3,2023-06-27,21:30,Online
641,26,9,3,2023-04-09,20:00,Online
642,10,3,3,2023-07-04,13:30,Offline
643,8,17,2,2023-05-09,15:30,Online
644,26,4,4,2023-08-04,15:00,Online
645,3,1,2,2023-09-22,14:00,Mobile
646,8,10,4,2023-07-11,17:30,Mobile
647,13,6,2,2023-12-19,20:30,Offline
648,21,19,4,2023-10-31,20:00,Mobile
649,29,7,1,2023-10-20,21:00,Offline
650,13,7,1,2023-09-09,12:30,Online
651,30,17,2,2023-10-14,14:30,Offline
652,25,16,1,2023-10-14,16:00,Offline
653,7,17,2,2023-11-02,19:00,Mobile
654,13,11,4,2023-10-06,13:30,Offline
655,3,3,1,2023-11-01,18:00,Mobile
656,25,18,3,2023-05-15,19:00,Offline
657,29,8,1,2023-04-08,15:00,Online
658,1,10,1,2023-06-04,21:30,Online
659,1,18,1,2023-02-13,19:30,Offline
660,4,11,4,2023-11-29,15:00,Online
661,20,1,2,2023-02-26,14:30,Online
662,15,17,1,2023-12-17,19:00,Mobile
663,9,5,2,2023-12-13,13:00,Online
664,9,14,3,2023-04-17,15:00,Online
665,26,20,1,2023-05-11,20:30,Offline
666,10,18,2,2023-11-28,16:30,Mobile
667,24,10,1,2023-08-02,15:00,Online
668,23,10,1,2023-11-10,13:00,Offline
669,6,16,2,2023-03-20,20:00,Online
670,12,5,1,2023-03-22,13:30,Offline
671,2,7,3,2023-08-29,17:30,Offline
672,17,1,2,2023-02-17,17:30,Online
673,4,16,1,2023-10-23,19:00,Offline
674,8,10,1,2023-05-13,14:30,Online
675,4,17,3,2023-01-03,13:00,Online
676,15,19,4,2023-10-19,20:30,Online
677,3,11,1,2023-05-08,16:30,Mobile
678,15,15,1,2023-05-31,21:30,Online
679,18,18,3,2023-01-11,19:30,Offline
680,6,12,3,2023-05-12,21:00,Online
681,3,10,3,2023-04-06,10:00,Offline
682,2,15,2,2023-03-04,15:00,Offline
683,29,2,4,2023-04-11,16:30,Online
684,17,13,2,2023-01-26,22:00,Mobile
685,23,15,3,2023-12-09,17:00,Online
686,4,5,3,2023-10-08,12:00,Online
687,25,20,4,2023-10-28,12:00,Offline
688,8,9,3,2023-08-01,10:00,Online
689,20,13,2,2023-04-13,12:00,Online
690,9,18,1,2023-12-29,20:30,Mobile
691,23,5,1,2023-08-07,13:00,Online
692,29,10,3,2023-09-13,10:30,Mobile
693,17,12,4,2023-04-19,13:00,Offline
694,27,9,4,2023-05-01,15:00,Online
695,27,14,4,2023-09-24,13:00,Mobile
696,22,15,2,2023-07-05,18:00,Mobile
697,12,15,2,2023-05-29,20:00,Mobile
698,4,2,4,2023-07-16,20:30,Online
699,17,10,3,2023-12-20,14:30,Mobile
700,30,17,1,2023-06-21,17:00,Online
701,11,14,2,2023-05-02,21:00,Online
702,22,8,3,2023-11-24,20:30,Mobile
703,16,18,4,2023-11-25,21:30,Online
704,4,20,3,2023-11-19,11:00,Online
705,16,11,3,2023-06-07,11:30,Online
706,14,17,3,2023-01-16,10:30,Mobile
707,11,3,3,2023-04-13,19:00,Offline
708,6,5,1,2023-06-10,18:30,Mobile
709,29,7,1,2023-10-16,19:00,Offline
710,6,12,3,2023-07-22,18:30,Offline
711,25,11,3,2023-09-15,12:00,Mobile
712,13,13,3,2023-06-27,12:00,Offline
713,4,14,3,2023-04-14,18:00,Offline
714,16,10,2,2023-03-19,22:00,Mobile
715,18,6,1,2023-07-03,10:00,Mobile
716,11,1,1,2023-08-26,21:30,Online
717,15,7,2,2023-08-01,22:00,Offline
718,20,10,2,2023-04-12,21:00,Mobile
719,3,15,2,2023-05-06,21:00,Offline
720,27,18,2,2023-03-22,20:30,Offline
721,30,13,3,2023-05-13,17:00,Mobile
722,8,9,3,2023-09-16,18:30,Offline
723,23,7,3,2023-12-27,10:30,Mobile
724,8,18,2,2023-10-27,21:30,Online
725,17,8,2,2023-11-28,11:00,Mobile
726,25,19,2,2023-02-07,10:30,Offline
727,10,3,2,2023-01-03,17:00,Online
728,14,2,2,2023-05-03,22:30,Offline
729,19,5,2,2023-12-28,14:00,Online
730,6,5,3,2023-04-05,16:00,Online
731,28,7,3,2023-06-20,11:00,Online
732,28,6,1,2023-03-07,14:00,Mobile
733,18,14,3,2023-05-03,13:30,Offline
734,13,12,1,2023-06-06,11:30,Mobile
735,17,19,4,2023-04-12,20:00,Online
736,2,7,3,2023-08-29,13:00,Offline
737,21,15,4,2023-04-01,15:00,Online
738,17,10,2,2023-11-06,18:30,Online
739,11,12,1,2023-09-19,12:30,Online
740,26,20,2,2023-06-21,13:00,Online
741,10,20,4,2023-12-02,18:00,Mobile
742,17,3,3,2023-02-12,10:00,Offline
743,3,10,1,2023-09-24,12:00,Offline
744,4,12,4,2023-04-19,14:00,Offline
745,13,7,4,2023-08-14,14:00,Offline
746,27,8,2,2023-09-14,10:30,Mobile
747,6,19,1,2023-06-16,11:00,Mobile
748,29,17,4,2023-07-20,22:30,Online
749,15,11,4,2023-09-12,15:30,Mobile
750,16,12,1,2023-01-15,17:00,Online
751,20,18,2,2023-01-19,12:00,Offline
752,23,5,2,2023-04-15,14:00,Online
753,19,10,4,2023-10-20,13:00,Mobile
754,22,17,2,2023-07-01,22:30,Online
755,3,9,4,2023-10-16,13:30,Offline
756,1,11,4,2023-05-14,18:30,Mobile
757,10,4,3,2023-04-13,15:30,Mobile
758,5,4,4,2023-09-02,22:30,Online
759,26,1,1,2023-09-04,22:00,Online
760,21,4,3,2023-07-23,15:30,Offline
761,7,9,1,2023-05-15,11:30,Online
762,28,11,1,2023-04-30,12:00,Online
763,19,4,1,2023-05-14,17:00,Mobile
764,9,3,1,2023-09-15,20:00,Offline
765,11,11,2,2023-05-07,22:30,Offline
766,25,4,3,2023-10-10,12:00,Mobile
767,12,18,1,2023-03-29,13:30,Online
768,20,14,1,2023-07-23,20:30,Offline
769,21,5,3,2023-04-13,17:30,Mobile
770,28,9,3,2023-11-19,18:00,Online
771,17,11,1,2023-10-11,14:30,Offline
772,19,4,2,2023-03-12,15:00,Offline
773,29,1,3,2023-12-12,12:30,Mobile
774,3,16,3,2023-10-28,11:00,Online
775,2,13,2,2023-08-16,16:30,Offline
776,25,16,2,2023-03-14,13:30,Mobile
777,22,6,1,2023-02-09,18:00,Offline
778,18,1,3,2023-07-29,14:30,Offline
779,11,18,2,2023-05-08,14:00,Offline
780,13,5,2,2023-11-28,17:00,Offline
781,11,5,1,2023-05-24,21:30,Online
782,26,14,4,2023-09-19,10:30,Offline
783,11,13,1,2023-02-02,10:30,Mobile
784,5,8,4,2023-09-07,21:30,Offline
785,23,1,2,2023-04-26,15:00,Online
786,8,14,2,2023-07-12,14:30,Mobile
787,20,4,1,2023-11-26,13:00,Online
788,18,15,4,2023-01-17,13:30,Online
789,1,19,1,2023-12-14,11:30,Online
790,13,5,3,2023-05-25,19:30,Mobile
791,22,16,1,2023-10-26,20:30,Mobile
792,1,11,3,2023-10-20,15:00,Online
793,11,17,3,2023-04-13,12:00,Online
794,10,14,4,2023-08-28,20:30,Offline
795,21,4,4,2023-12-08,22:30,Offline
796,5,4,2,2023-07-15,13:00,Online
797,16,4,2,2023-04-29,16:00,Mobile
798,19,10,2,2023-04-13,22:30,Offline
799,3,20,4,2023-09-22,18:00,Online
800,7,9,2,2023-05-16,21:30,Offline
801,17,14,3,2023-07-30,12:00,Mobile
802,18,4,4,2023-09-07,14:00,Online
803,2,13,3,2023-12-29,11:30,Mobile
804,22,15,2,2023-09-13,17:30,Mobile
805,24,8,2,2023-09-25,20:30,Online
806,19,12,1,2023-11-02,18:30,Offline
807,14,4,4,2023-02-07,14:30,Mobile
808,3,20,1,2023-05-11,15:00,Mobile
809,11,17,2,2023-12-17,21:00,Mobile
810,14,2,3,2023-05-30,12:30,Offline
811,23,19,4,2023-05-06,12:30,Online
812,19,9,1,2023-04-26,19:00,Offline
813,26,6,2,2023-05-03,12:30,Online
814,14,3,4,2023-08-01,18:30,Offline
815,3,8,2,2023-07-10,22:00,Online
816,28,8,2,2023-07-27,15:30,Online
817,18,9,1,2023-07-19,11:30,Mobile
818,16,10,3,2023-06-07,22:30,Offline
819,6,9,2,2023-04-10,18:00,Online
820,10,13,3,2023-04-30,14:00,Mobile
821,15,4,4,2023-09-08,13:00,Online
822,23,11,3,2023-06-21,12:00,Online
823,27,8,1,2023-10-06,17:30,Online
824,13,18,4,2023-12-24,20:00,Offline
825,1,14,4,2023-02-21,17:00,Mobile
826,19,7,2,2023-11-12,14:00,Mobile
827,21,19,4,2023-06-19,11:00,Offline
828,26,10,3,2023-11-30,14:30,Online
829,15,15,3,2023-02-05,14:30,Online
830,22,12,1,2023-11-11,11:30,Online
831,16,7,4,2023-08-15,17:30,Online
832,19,9,4,2023-10-13,22:30,Offline
833,30,1,3,2023-04-05,13:30,Mobile
834,2,11,3,2023-08-07,22:30,Online
835,23,20,1,2023-03-14,16:00,Online
836,4,15,2,2023-01-12,11:00,Offline
837,24,13,4,2023-01-12,22:00,Offline
838,30,18,1,2023-08-01,11:00,Mobile
839,12,17,4,2023-04-05,12:00,Online
840,22,9,3,2023-05-09,17:00,Mobile
841,8,12,1,2023-12-08,21:00,Mobile
842,2,18,2,2023-10-06,15:30,Offline
843,11,4,2,2023-08-06,22:00,Mobile
844,8,2,3,2023-11-06,21:30,Mobile
845,16,20,2,2023-03-22,13:00,Online
846,26,4,1,2023-01-21,15:30,Mobile
847,30,19,1,2023-08-20,22:00,Offline
848,24,17,2,2023-04-25,13:30,Online
849,23,6,2,2023-05-23,11:30,Offline
850,23,8,2,2023-09-04,16:30,Mobile
851,18,16,3,2023-09-20,15:30,Offline
852,19,15,3,2023-08-14,19:00,Online
853,17,19,4,2023-11-26,17:30,Offline
854,30,6,3,2023-02-17,21:00,Offline
855,25,1,3,2023-12-29,13:30,Online
856,18,9,4,2023-04-29,10:00,Offline
857,27,20,2,2023-05-17,11:00,Mobile
858,18,1,1,2023-11-08,10:00,Offline
859,4,11,4,2023-12-20,16:30,Offline
860,17,9,1,2023-12-31,19:00,Online
861,17,7,4,2023-05-07,11:00,Mobile
862,6,2,4,2023-08-15,20:30,Offline
863,8,20,3,2023-12-15,19:30,Mobile
864,16,6,3,2023-04-16,11:30,Offline
865,14,18,3,2023-11-07,10:30,Mobile
866,23,12,1,2023-09-22,14:30,Online
867,10,12,4,2023-10-11,16:30,Mobile
868,7,6,1,2023-08-04,14:00,Mobile
869,6,16,2,2023-10-19,13:30,Mobile
870,19,5,2,2023-09-02,15:30,Online
871,1,14,4,2023-02-11,22:30,Online
872,20,13,1,2023-03-31,14:30,Mobile
873,6,2,1,2023-12-01,16:30,Offline
874,11,2,1,2023-12-21,18:30,Mobile
875,25,5,3,2023-05-29,11:30,Online
876,26,5,2,2023-11-16,21:00,Online
877,1,14,4,2023-02-14,17:00,Offline
878,3,9,3,2023-04-20,21:00,Mobile
879,19,13,2,2023-10-02,14:30,Offline
880,28,19,4,2023-09-27,18:30,Mobile
881,23,17,2,2023-02-06,10:00,Mobile
882,23,6,1,2023-03-07,22:00,Mobile
883,12,11,2,2023-09-15,14:00,Offline
884,15,2,1,2023-08-21,19:30,Online
885,28,11,2,2023-02-15,12:30,Online
886,20,2,4,2023-01-27,10:00,Mobile
887,10,16,4,2023-07-25,21:30,Offline
888,27,2,2,2023-11-18,16:00,Online
889,23,17,4,2023-01-27,19:30,Online
890,1,20,2,2023-08-31,19:00,Online
891,21,15,4,2023-10-31,13:30,Online
892,19,4,1,2023-10-21,15:00,Offline
893,3,2,4,2023-01-24,21:00,Mobile
894,27,6,4,2023-12-16,10:30,Mobile
895,1,3,1,2023-10-31,17:00,Mobile
896,15,16,4,2023-05-03,19:30,Online
897,18,4,2,2023-10-26,19:00,Offline
898,8,5,1,2023-02-01,10:30,Mobile
899,12,20,3,2023-08-18,11:00,Offline
900,23,16,3,2023-09-15,13:00,Offline
901,4,11,3,2023-06-24,13:00,Online
902,21,19,3,2023-02-02,14:00,Online
903,20,15,4,2023-10-11,11:00,Offline
904,7,16,2,2023-09-05,22:30,Mobile
905,5,3,1,2023-11-23,20:30,Online
906,23,11,4,2023-04-18,12:00,Online
907,19,9,3,2023-10-13,18:00,Online
908,2,18,2,2023-11-22,18:00,Online
909,13,9,1,2023-12-04,19:00,Mobile
910,23,13,3,2023-02-14,21:00,Offline
911,18,17,4,2023-06-27,22:00,Mobile
912,29,10,3,2023-09-22,21:00,Online
913,5,16,4,2023-01-31,10:00,Offline
914,10,9,1,2023-07-03,12:30,Online
915,24,13,1,2023-07-28,10:30,Mobile
916,6,8,2,2023-09-18,12:00,Offline
917,20,14,1,2023-12-04,17:30,Online
918,11,12,3,2023-04-03,14:00,Online
919,27,17,1,2023-05-05,20:00,Mobile
920,13,4,1,2023-04-15,17:30,Mobile
921,23,9,1,2023-12-24,11:00,Mobile
922,21,1,1,2023-10-07,11:30,Mobile
923,26,2,1,2023-09-26,10:30,Offline
924,18,7,1,2023-03-02,17:00,Mobile
925,24,14,1,2023-04-11,18:30,Mobile
926,8,12,3,2023-12-29,19:30,Offline
927,9,3,4,2023-07-08,13:30,Online
928,18,16,4,2023-02-21,16:30,Offline
929,21,9,2,2023-02-12,14:00,Mobile
930,3,12,4,2023-08-01,12:00,Mobile
931,6,10,3,2023-09-15,19:30,Mobile
932,8,8,2,2023-11-06,22:30,Offline
933,19,1,4,2023-05-29,10:00,Offline
934,27,12,2,2023-07-21,20:00,Online
935,4,6,1,2023-03-03,12:30,Mobile
936,6,7,3,2023-05-08,15:00,Offline
937,2,10,1,2023-05-06,16:00,Online
938,24,8,3,2023-09-13,21:00,Mobile
939,14,16,2,2023-04-10,17:00,Online
940,19,2,4,2023-02-08,21:30,Offline
941,13,6,4,2023-07-01,11:30,Online
942,7,11,3,2023-02-02,19:00,Online
943,18,3,1,2023-12-29,21:30,Mobile
944,30,17,3,2023-01-20,20:00,Online
945,23,3,1,2023-01-28,10:30,Offline
946,20,16,2,2023-08-04,16:30,Mobile
947,25,10,2,2023-07-03,15:00,Mobile
948,11,7,2,2023-12-24,16:00,Online
949,26,19,2,2023-05-16,20:30,Online
950,6,19,2,2023-05-12,22:00,Mobile
951,10,3,4,2023-11-06,21:00,Offline
952,27,4,4,2023-07-10,13:00,Offline
953,13,14,2,2023-11-12,12:00,Offline
954,15,14,3,2023-12-30,17:30,Offline
955,2,13,2,2023-05-13,12:30,Mobile
956,4,19,2,2023-10-30,22:30,Online
957,17,15,1,2023-03-02,20:00,Online
958,12,20,2,2023-11-07,19:00,Offline
959,11,8,1,2023-03-18,15:30,Online
960,6,8,3,2023-06-30,14:00,Offline
961,2,6,3,2023-06-01,16:00,Offline
962,21,11,1,2023-09-13,10:00,Online
963,30,17,3,2023-01-03,13:00,Mobile
964,17,17,3,2023-06-18,21:30,Mobile
965,18,10,3,2023-04-12,19:00,Mobile
966,22,2,2,2023-05-05,14:00,Online
967,19,10,1,2023-04-08,10:00,Offline
968,8,5,4,2023-01-27,20:00,Online
969,27,14,1,2023-10-16,11:30,Online
970,1,1,2,2023-09-24,18:30,Offline
971,15,16,3,2023-09-02,11:30,Offline
972,4,8,4,2023-05-27,17:30,Mobile
973,1,7,3,2023-08-01,17:30,Offline
974,5,16,3,2023-01-19,22:00,Online
975,17,12,1,2023-05-03,15:00,Mobile
976,17,18,4,2023-11-21,14:00,Online
977,19,6,4,2023-11-11,16:30,Online
978,23,10,2,2023-01-05,14:00,Online
979,7,4,4,2023-01-04,13:00,Offline
980,8,8,3,2023-09-29,22:30,Mobile
981,26,16,3,2023-10-21,16:30,Online
982,7,20,3,2023-03-04,10:30,Online
983,17,3,1,2023-03-29,17:30,Mobile
984,3,3,1,2023-06-01,22:00,Online
985,14,11,4,2023-05-24,18:00,Online
986,24,12,1,2023-04-20,13:30,Online
987,10,20,2,2023-08-07,22:30,Mobile
988,18,18,2,2023-02-16,18:30,Mobile
989,17,1,4,2023-11-27,21:30,Online
990,24,6,2,2023-08-04,16:30,Online
991,11,3,1,2023-07-02,11:00,Online
992,20,8,2,2023-03-28,10:30,Mobile
993,14,12,2,2023-10-06,16:30,Mobile
994,23,12,4,2023-09-27,18:00,Offline
995,24,1,1,2023-02-26,16:30,Mobile
996,22,3,3,2023-03-09,12:30,Mobile
997,2,13,4,2023-07-31,16:00,Offline
998,21,15,1,2023-03-15,21:30,Online
999,12,13,2,2023-11-30,15:00,Offline
1000,8,4,2,2023-11-20,14:00,Mobile
