customer_id,credit_score,monthly_income,debt_ratio,loan_amount,repaid
cust0001,745.0699438234383,5944.910631823304,0.1614175486720497,12655.977920271893,1.0
cust0002,756.3628005922253,7126.267736234068,0.1070318500542388,10661.038454296966,1.0
cust0003,720.1992390125415,6015.345215152737,0.1646290434558834,11398.082103523704,1.0
cust0004,719.5236351903006,6207.476552884787,0.2088217247878937,13102.531231621806,1.0
cust0005,708.3437233850636,6576.401418271823,0.2103424744039934,15121.292677934516,1.0
cust0006,701.9918668648887,5634.3825958098505,0.1713117842353777,6134.853689045151,1.0
cust0007,713.4815192333856,6025.878153783631,0.1894605512505201,10893.181682905612,1.0
cust0008,754.7838752041239,7703.427916787308,0.2931035836469532,12641.42638182319,1.0
cust0009,723.2163745352435,5692.630217769036,0.1754696954460623,9246.071686167792,1.0
cust0010,765.4084339269328,5402.127865505163,0.1516453626519966,17193.5088953019,1.0
cust0011,751.0414124625769,6369.975020466106,0.148693408813352,10093.770359313789,1.0
cust0012,690.9448735968584,7731.955502509845,0.1915529225408268,11876.12193897815,1.0
cust0013,769.6492675266506,6803.07819200311,0.2519040297433887,13668.066290526873,1.0
cust0014,774.3239593677513,6535.418921884382,0.1411976368376946,10226.145633594317,1.0
cust0015,720.1841197549544,7044.358797515607,0.2418592254281536,6460.280856586749,1.0
cust0016,762.6057462868497,5254.292567140348,0.1042299646698832,10714.0364192504,1.0
cust0017,724.305052877724,7494.705653775032,0.1837865955967892,15088.321667781122,1.0
cust0018,752.9301113024501,7383.435031403644,0.2551730130405574,10989.314619644583,1.0
cust0019,712.065047791351,6590.691525904279,0.1677465911548862,9460.697095623063,1.0
cust0020,696.2068064239627,8005.924511796416,0.2127474202890799,14777.016628508163,1.0
cust0021,738.515484311611,5872.503901046961,0.1409958465651821,11007.67531193084,1.0
cust0022,746.2881316117549,8127.908993253569,0.2483990782252344,10469.517559049347,1.0
cust0023,738.0696091915619,7154.493665595252,0.1104558206537519,12448.368268989929,1.0
cust0024,714.4790832533232,6663.447410121827,0.2705085289751,14312.250628856362,1.0
cust0025,738.0030281360658,6980.126364631688,0.1396392772843336,19145.14059519764,1.0
cust0026,758.078842577422,6892.735234189058,0.2748796063416661,14481.70832297227,1.0
cust0027,748.6532090963238,8220.282896417717,0.1705058482601034,15479.519899165032,1.0
cust0028,755.4750309179764,5923.320872528986,0.2445367148948973,10482.101403036437,1.0
cust0029,729.896543986373,6237.480760853402,0.1638450595572377,8922.39568209157,1.0
cust0030,785.1515374414848,8036.302892072479,0.2811823342469295,12186.994048857368,1.0
cust0031,714.7147999033566,6404.4650648161405,0.1253274251036748,12321.509745778789,1.0
cust0032,764.6268089126015,7900.533077331592,0.1357039578545197,8764.46177590621,1.0
cust0033,785.4567327887988,8699.435983008709,0.1986060250317604,11474.11641028796,1.0
cust0034,764.4272427824669,6598.204973058367,0.1163876878076292,13197.952805157393,1.0
cust0035,743.924273188055,7681.362326575305,0.1391960369403523,13081.18018505424,1.0
cust0036,734.1510886001106,5846.307718660141,0.2887532764424029,13512.863560152817,1.0
cust0037,781.0826295313877,7754.733298067809,0.2952979322295774,12872.89419041233,1.0
cust0038,707.3107522421498,7199.423985986768,0.1752518658660843,10478.974022189832,1.0
cust0039,720.8962721886107,7473.038282160215,0.2846572042027871,10458.29812005347,1.0
cust0040,738.0732670352484,6354.427927964605,0.2089649351346863,8403.145806018372,1.0
cust0041,787.12961272536,5338.916584432827,0.1539484931747534,17354.325117555287,1.0
cust0042,761.3930290812269,7503.252064749505,0.2404797442161197,12040.351093857878,1.0
cust0043,720.9586272446926,4936.596847520545,0.2317803613149714,11325.440832615444,1.0
cust0044,740.6907688384529,6682.6495077574655,0.2978250638217466,9213.623755642624,1.0
cust0045,731.5703056771112,7941.18186641997,0.1530094574818566,20000.0,1.0
cust0046,728.706330232994,7191.897735873036,0.2344119005323471,8780.015903331314,1.0
cust0047,779.3666867567034,8948.342644789813,0.1104047510058893,10713.45622318178,1.0
cust0048,708.8477061220948,8025.109152581774,0.1227292077393438,13247.510508858182,1.0
cust0049,798.2634256720312,6346.101611674423,0.1007836749902186,13800.638897232831,1.0
cust0050,774.8468907055387,7027.313379851439,0.2998921362119346,14873.796165647052,1.0
cust0051,782.7258501181109,6952.6292974555645,0.2604547394294955,17422.82552330779,1.0
cust0052,736.1118146392422,5417.823236653872,0.2573446029467081,13518.472966382136,1.0
cust0053,745.5017784276267,6059.601083515647,0.2019452150576359,8831.907600099998,1.0
cust0054,707.0054455642586,6439.23909302014,0.1600134165810879,11229.164624634655,1.0
cust0055,734.2601277879959,4963.779497144064,0.1302528568925351,12923.497117541654,1.0
cust0056,764.8096454292945,7047.493468251643,0.1569349477692927,18204.67812451747,1.0
cust0057,788.8818918534419,6750.928155346959,0.1751942443858278,7806.583564727109,1.0
cust0058,716.7852954959264,5327.106098688426,0.2512620193960588,15607.729515675685,1.0
cust0059,739.034821890442,7404.212865277332,0.2079323577806304,12539.74310863925,1.0
cust0060,745.4610233930243,7715.87274469096,0.1154967253110965,14513.491605688445,1.0
cust0061,708.1263239342254,7227.034478864889,0.1036058017917824,11694.015850092204,1.0
cust0062,767.740477252752,6675.93182479103,0.1204664359068126,9472.70210962102,1.0
cust0063,728.2802900477217,7591.442151751855,0.1820997427394758,14252.618338203996,1.0
cust0064,744.1382894646893,7680.220360476691,0.2866385834098036,13963.293081316864,1.0
cust0065,736.4415188426436,7307.403569719689,0.2274804962418443,14916.170897219166,1.0
cust0066,726.3198448284097,6175.387749565239,0.260365179975103,11960.086093864094,1.0
cust0067,749.7886504355833,7276.600765511181,0.1932749189009097,10200.533930040452,1.0
cust0068,743.5317126429593,8195.480650825479,0.1723332166390085,7323.639014928475,1.0
cust0069,738.8442635316401,6403.37094138827,0.1216800745433245,14458.11980441822,1.0
cust0070,728.1461513495897,9097.93933913243,0.2751866044372409,13271.668447331958,1.0
cust0071,759.5857401234887,6474.369066014616,0.2566320058055805,9102.652101408125,1.0
cust0072,799.6085180547685,7032.4070133401365,0.133623619519545,10384.278980110128,1.0
cust0073,754.1966169851738,6327.514403993664,0.2024521127752521,10599.72356414568,1.0
cust0074,779.8835464473339,7223.270835920261,0.197474961584249,7551.046704052746,1.0
cust0075,708.2933422453962,5257.778307364725,0.2250183105373057,9546.9528101846,1.0
cust0076,754.732843178813,6453.958201183279,0.2892373787982522,8598.508929580938,1.0
cust0077,717.078950430868,5907.878799651433,0.2159542883524959,10762.56296433619,1.0
cust0078,705.692252174043,7135.338347892291,0.2080434533557237,9783.907505011312,1.0
cust0079,727.8188577762289,7994.4473755089075,0.1100645865869328,7118.985237399754,1.0
cust0080,785.7569800324072,7646.006187114552,0.1125814952036047,18067.770691708443,1.0
cust0081,778.5004748600894,4628.340639141108,0.1374693582653577,15757.622193087693,1.0
cust0082,757.290141661632,9042.06965292788,0.1064941543383496,9662.941735440045,1.0
cust0083,704.0189832033021,7295.279940620869,0.2486705791140024,12817.26418996083,1.0
cust0084,744.1115804583619,6223.500859506999,0.2446660607987926,13252.395269463885,1.0
cust0085,759.051000267052,7157.127918990941,0.1272112468863286,15573.25756432043,1.0
cust0086,755.2660868873579,7176.189822502693,0.2672157801590561,9544.184920019765,1.0
cust0087,694.6861924955776,6333.151283048436,0.1309572069692224,15276.320351947275,1.0
cust0088,723.2904645594039,7197.916667342076,0.1602351173994717,10356.284087379194,1.0
cust0089,748.0776670755386,6392.527712379693,0.149795379832273,7992.41278749416,1.0
cust0090,766.0887272855157,6595.638007309977,0.1744614197146095,14172.409677943491,1.0
cust0091,684.1161653670016,6313.720864244916,0.1509327531779923,15872.275272367284,1.0
cust0092,745.1362807356043,5567.328710260347,0.1977901852876904,19763.726920592053,1.0
cust0093,754.2914630963686,7145.836470215384,0.181481576270937,8400.82420472936,1.0
cust0094,775.4883596554864,7585.299436516338,0.2973138981558653,14096.759055242366,1.0
cust0095,770.7857275271231,7514.883596076372,0.1111852700256451,10770.596268619402,1.0
cust0096,767.4771395642641,7819.925252635234,0.1284362752774703,14350.076131572094,1.0
cust0097,726.001784798942,7324.340210014868,0.1105651787817205,7588.531346306248,1.0
cust0098,692.7599358863008,6467.274501783097,0.2251682389964751,8211.690672904308,1.0
cust0099,738.208417288158,7839.663864431189,0.1109018554827439,9672.375530500549,1.0
cust0100,780.0489547562568,5642.482460158065,0.2672879474752246,12236.892137004254,1.0
cust0101,791.803635825733,6099.32861748752,0.2023877261363855,10076.756200384934,1.0
cust0102,771.3164730689335,6035.799928576756,0.2054015249163067,13977.16303174026,1.0
cust0103,762.880224684052,8080.0560591393105,0.2123189015424388,15080.683854773742,1.0
cust0104,761.389189451579,7942.788514140076,0.1341627412612421,13798.732623736068,1.0
cust0105,733.3164375971766,7487.305237044995,0.1395380606228975,16856.362918982602,1.0
cust0106,746.0981911933914,8071.929865211798,0.1637634645746009,13247.47988836603,1.0
cust0107,800.0720857747899,6120.717217588011,0.2186992831643702,8349.309868979499,1.0
cust0108,721.7232598262437,7348.59511986098,0.1420235551880429,16090.12954061502,1.0
cust0109,798.4433637212956,6874.825571616836,0.1232663454266522,10184.531293182008,1.0
cust0110,740.3391553652383,7846.882103884914,0.2940233772836864,14731.25549905671,1.0
cust0111,789.7629632728524,6884.7757674478025,0.1043963629619245,16721.20264966532,1.0
cust0112,707.7955497150739,6615.057111589918,0.2605394810672043,13370.064032191198,1.0
cust0113,767.5771260349395,7540.90851856099,0.2576070299150044,7511.523560506051,1.0
cust0114,727.8968959215713,7876.169167191233,0.1594428227690192,9245.363500470625,1.0
cust0115,707.5419842422743,6331.654805153198,0.1271253232014627,15968.233400655408,1.0
cust0116,756.5560212723284,6938.924328647624,0.1291257293410846,11492.63194307155,1.0
cust0117,780.2841536578791,5941.559366358348,0.2394863234474385,12238.720604826498,1.0
cust0118,724.6517568421951,4501.938982507061,0.2285613182172347,14276.473248490827,1.0
cust0119,705.029521186248,7200.459631413729,0.2565491348502773,14088.968586240971,1.0
cust0120,747.2446570699514,7608.905356254632,0.2874962344798209,12836.399437156382,1.0
cust0121,747.3769401366845,7262.066809086726,0.2383854726533184,11373.994886338602,1.0
cust0122,766.4495888266349,5050.438282245633,0.1311703073102887,11061.994662802928,1.0
cust0123,778.4878371409346,6649.150569923526,0.1486885233530821,14573.696475874029,1.0
cust0124,748.2175445618252,4781.652239948919,0.2684387461746229,13660.70859320338,1.0
cust0125,805.6650994438279,8369.701107654184,0.1418612151668417,11228.09999814663,1.0
cust0126,756.7270423360587,5913.945417881914,0.1145044633908962,15246.336938979422,1.0
cust0127,739.607204819793,8255.403609459896,0.2406560108084501,11612.897654610648,1.0
cust0128,701.6529792269151,7945.869643684146,0.1805052710980284,9445.01347699682,1.0
cust0129,742.120214390515,6099.409647463938,0.2840080105091807,9723.087903289965,1.0
cust0130,739.9083916376659,5867.215048732255,0.2300510142187323,9063.7774910707,1.0
cust0131,778.8091438884442,7350.370216386338,0.1180837955583321,11182.769950188938,1.0
cust0132,763.8745087220057,6155.675962816929,0.2895713134507321,15701.17283500858,1.0
cust0133,714.6189263510215,7102.484642158208,0.1517114527280491,9584.714456908474,1.0
cust0134,755.1676315923311,6517.172409193082,0.1674424980812571,12565.427283054309,1.0
cust0135,770.1459351518716,5218.841585534367,0.1804520827367084,10029.93196311776,1.0
cust0136,795.840940781635,4769.531980875541,0.1102448592808626,11219.072876185688,1.0
cust0137,776.6251190224218,7226.684248494597,0.1993030844461209,7469.876364044243,1.0
cust0138,772.8253996293444,6438.442253669375,0.1246636982150584,11338.385312530389,1.0
cust0139,751.8025798384549,6446.910183085868,0.1801940653376703,11418.883860585114,1.0
cust0140,761.6493601627035,7695.863839093785,0.1701419575984168,13620.863832107088,1.0
cust0141,787.4851470211847,8173.442276632445,0.2545680166853006,12669.84273976611,1.0
cust0142,710.0166780756105,6727.455278638191,0.2606341023265462,8404.823625143865,1.0
cust0143,739.5168201834913,6659.401293090138,0.1306825764778176,15252.594732130628,1.0
cust0144,726.8229375373128,7500.143033113884,0.1733102374758452,12630.909120665989,1.0
cust0145,761.3745935617837,5643.064430300425,0.1746706322063663,12595.18055153246,1.0
cust0146,786.9066652695236,7223.153054747697,0.130282088787217,11972.452939844585,1.0
cust0147,732.0907713983678,7551.885971822154,0.259690701010238,10446.72765833334,1.0
cust0148,678.2908689759169,7680.230208417629,0.2414456656670846,12653.40701924618,1.0
cust0149,737.6333776492659,5063.247297497535,0.1380763572594069,13426.765307785749,1.0
cust0150,777.4042119605222,6238.644730191059,0.1733443817187598,6759.312925963335,1.0
cust0151,766.1288970884964,6121.736747176534,0.1211610049713028,10383.717487961712,1.0
cust0152,762.8455874343173,7099.886954409213,0.2256413194186088,11235.159088789233,1.0
cust0153,741.6002009437656,7480.744579767984,0.1242743849097239,12768.511817082834,1.0
cust0154,711.6290779134064,8496.710407445982,0.2971868337249835,15579.933017781375,1.0
cust0155,765.458829648734,6505.034519631927,0.2561364149375724,9684.777556209654,1.0
cust0156,724.9715456989612,6502.427501690786,0.178047709916799,10506.114459546474,1.0
cust0157,815.5229020014137,8149.672018878747,0.2157127864558709,10462.39766806035,1.0
cust0158,767.1152162506355,7296.576938530305,0.2822683632432817,9595.417229686376,1.0
cust0159,732.5805509233815,8267.651511187974,0.2108198560791652,10958.440514663213,1.0
cust0160,731.6584425783411,7288.728003009836,0.134899697279591,14312.406659963914,1.0
cust0161,747.2116738015924,5842.883381286729,0.1757406711162318,8838.493513906964,1.0
cust0162,742.8149423393475,5666.871645222193,0.268628973005949,13283.44318545871,1.0
cust0163,783.5050132658986,5448.487750941071,0.2288426031979235,6894.293309944994,1.0
cust0164,755.5924850923213,7662.051834758473,0.23014487686676,10315.986010673383,1.0
cust0165,728.0510478327442,8188.596823087008,0.2733642971376978,11011.53209934604,1.0
cust0166,806.7132205546735,8849.36214138638,0.2787946114925009,17024.579018742195,1.0
cust0167,751.4792499456066,7843.10533232324,0.2839585143558872,11175.593085741935,1.0
cust0168,773.0651902790669,8162.838577534986,0.1189698386506312,5396.269579647245,1.0
cust0169,731.7532047766572,6419.983667346315,0.2088252003926201,6003.333279416251,1.0
cust0170,760.8934688323357,5843.584183256144,0.2481019042436637,12102.088759040043,1.0
cust0171,759.3332997342959,7850.079332417553,0.2513853690254027,13841.312567369723,1.0
cust0172,693.3105212371154,7417.680752239401,0.2213432403940007,13126.367572881758,1.0
cust0173,810.4582533138192,7107.444374340893,0.1333574670367348,12502.71031740297,1.0
cust0174,788.7193338276765,7387.37148063299,0.2594841107883329,15486.778792517,1.0
cust0175,738.0841405156203,7323.185482458206,0.2440222667029891,10381.226337788605,1.0
cust0176,716.9319077863244,8283.816859853561,0.1172271543098072,14684.731668080476,1.0
cust0177,760.4268484141065,8294.985584816955,0.1927619649348752,7103.955344920748,1.0
cust0178,752.6009309824319,7544.220352340347,0.1347954799043607,9285.1565011858,1.0
cust0179,760.6700684568968,7845.802872562928,0.1674954091425943,6578.875815204551,1.0
cust0180,755.7473218858227,7514.062552424776,0.1036162184411371,11175.464097990623,1.0
cust0181,765.1872296791778,6538.830267965381,0.1800659736821516,11861.216348200973,1.0
cust0182,793.4191709817542,7756.56467491314,0.209975384231242,12342.30447667956,1.0
cust0183,767.0430961538594,5605.504931140738,0.2239165185654173,12185.650058661406,1.0
cust0184,718.5103350327017,8053.891552295883,0.232698069025742,9217.340007564815,1.0
cust0185,790.8768855813736,5805.477060233965,0.267258262620492,11429.277466760352,1.0
cust0186,799.2184369046486,7285.803286794733,0.143092581455146,7507.659994182754,1.0
cust0187,844.5617020353625,6154.846041573841,0.1240963644876936,16089.68692539675,1.0
cust0188,716.2951790028121,7553.388983074426,0.2703074343795851,11089.121781305998,1.0
cust0189,757.2864603945083,6966.074774072091,0.1313225629785299,10533.341642868929,1.0
cust0190,687.5370389043304,5405.244041836668,0.294952016267239,16766.820985332248,1.0
cust0191,766.5944746913763,7420.699631018479,0.2685076458797274,8273.260399352312,1.0
cust0192,733.5539910549968,6422.0792231672895,0.2001753211779198,8623.238657904092,1.0
cust0193,807.7033738447486,7881.146720813369,0.296284284984405,8711.339025394305,1.0
cust0194,726.7615508994426,7001.325688734407,0.1194753458216008,11796.385854901557,1.0
cust0195,699.3245088609822,7395.420985388038,0.1606131522350203,13294.894888912791,1.0
cust0196,735.8620877789244,6042.431044984788,0.2276448830081222,14219.0264043535,1.0
cust0197,690.7353668634859,6410.667768572638,0.1700013736946357,19715.985952484905,1.0
cust0198,772.5329836352194,6541.361363898915,0.2856745103961583,5251.702637397709,1.0
cust0199,688.0475086123104,7856.702480242556,0.1131252176355635,13826.20676737325,1.0
cust0200,750.8537274354948,8677.37708780549,0.2098823664121929,10328.608282283309,1.0
cust0201,687.6656454043141,6194.828248257124,0.2181732534790229,10240.75455333368,1.0
cust0202,740.3910658639007,8076.848144657681,0.2305456247554448,10140.683615238368,1.0
cust0203,799.301344674136,4830.322582274298,0.1511332446663628,9273.69098757608,1.0
cust0204,760.8194367430739,5805.81059890771,0.1729132855039729,17053.574503810356,1.0
cust0205,724.0951918510519,6041.221543813225,0.2687361059329955,14526.891981041708,1.0
cust0206,749.0638953318274,5647.491310559278,0.1389885537940319,12069.587935672123,1.0
cust0207,750.5405061613334,5416.41161021242,0.2653735694346724,16053.047257461,1.0
cust0208,764.1789103753022,7412.998912137798,0.2125310845805484,7462.413104103373,1.0
cust0209,708.9942491015752,6785.932302272138,0.2524375022388164,8007.884606007221,1.0
cust0210,767.77701821542,7379.40539760511,0.2427214732526943,5466.096803415937,1.0
cust0211,668.8682510519168,7690.472686121513,0.1415022990769758,9901.756379630137,1.0
cust0212,731.1034634290857,7265.616993172533,0.2137625472867745,12485.09558011426,1.0
cust0213,735.3517847264536,7657.763176150373,0.2735446305610184,12308.575733797004,1.0
cust0214,768.9998047821372,6930.467713757731,0.1864232473603858,12448.025733179642,1.0
cust0215,750.6789255803061,5813.006611694255,0.2933181540446633,7766.829506801754,1.0
cust0216,707.8331083843113,8057.8141808207965,0.1904430200203436,14409.464227842063,1.0
cust0217,720.4502062254895,6410.887867218873,0.1285571273335769,12718.882554716994,1.0
cust0218,755.9604002864222,6064.403701237574,0.1778869360155346,14199.162844397995,1.0
cust0219,747.6279797440633,6822.082124195602,0.2903404812781074,6321.713467229844,1.0
cust0220,732.6262767109276,6087.189080703487,0.1639441698679708,12934.47257639337,1.0
cust0221,735.5749863146406,6582.569618010568,0.2736196319734125,8436.704280247419,1.0
cust0222,770.8850399147786,7344.053921563466,0.2762501363363779,10808.030242345914,1.0
cust0223,734.4692228139236,7348.341739246127,0.1700373048663922,13603.09469590915,1.0
cust0224,747.3572626791278,6102.169933574371,0.1166515316101264,12273.28081876774,1.0
cust0225,815.0980976424163,6512.294627051256,0.2449115818317636,9445.380060662044,1.0
cust0226,707.2895208934823,8074.333004770244,0.1623024598027972,12018.819468553254,1.0
cust0227,694.4447180527602,7496.400117733941,0.2565847228515144,7405.394054269071,1.0
cust0228,773.5076899439582,9075.06503934854,0.1885309696520866,15450.802187694888,1.0
cust0229,729.6407081611769,8180.128173741527,0.1970533484685243,11384.147941511246,1.0
cust0230,740.4528741677213,8144.293068559939,0.2555818813497074,15355.649832765976,1.0
cust0231,726.5653086560666,5612.131449544198,0.1764726662123255,10420.40493871187,1.0
cust0232,742.2059957769746,7763.860351633422,0.1886254690645828,10429.272034780251,1.0
cust0233,797.9561433628902,6946.89319830309,0.1752380937539244,9707.43964008646,1.0
cust0234,774.0638537585436,6449.01819646175,0.1734681030554559,14628.521795079228,1.0
cust0235,775.8667053566093,7168.015340532528,0.2051893153802919,9871.706528014573,1.0
cust0236,707.5131883262206,7945.211534611483,0.2617598889002301,13933.78629724553,1.0
cust0237,715.4653879034139,7500.831591004212,0.1723536623845131,10852.64280699213,1.0
cust0238,664.8276402154372,6121.52619865794,0.2048509441075473,6072.110100325141,1.0
cust0239,725.7185753675174,7742.45891359262,0.2341454650885201,10289.057796640602,1.0
cust0240,778.7010955915698,6362.412457924036,0.153887889260731,8462.675356911455,1.0
cust0241,765.5083954724512,7216.683118964286,0.1555045609804785,12101.708171047012,1.0
cust0242,743.3546021114363,6696.649932522866,0.2866826254046909,8428.776792976529,1.0
cust0243,749.3309914884584,6781.133748264374,0.2447069146662177,14777.92530214385,1.0
cust0244,729.3334337227378,7766.24297504051,0.2154373352446617,11726.772418940918,1.0
cust0245,756.1427664720535,5959.806280184102,0.2295440108841223,11467.212015723782,1.0
cust0246,772.9763483844184,8945.195074276933,0.1058598886206836,13967.676413362748,1.0
cust0247,701.5233963776858,5178.913930705504,0.2236205931123393,14891.720802227588,1.0
cust0248,758.9894306351205,6402.332316745143,0.2019017746448403,11939.703744691044,1.0
cust0249,777.97304612864,7370.211889941741,0.2091499359558871,9686.399101352128,1.0
cust0250,737.5469913310989,7584.31416643531,0.1718847653661634,6678.091151663612,1.0
cust0251,771.0210183636175,6899.524279428295,0.1162947795425883,9941.85072889446,1.0
cust0252,834.4396333341766,6942.6092969984575,0.1386678467224104,10148.363260056116,1.0
cust0253,746.8697162103932,7410.550085327616,0.2901489426425343,12321.17235897689,1.0
cust0254,761.7992115001597,6768.93052254232,0.1817399124541868,10964.559356585918,1.0
cust0255,727.8582874901582,8393.181257934906,0.1933366311661728,14063.798916154285,1.0
cust0256,755.4375348780615,7839.349114231602,0.1105419579706878,10161.050186187931,1.0
cust0257,763.8081487494691,7872.824351005634,0.1075132459087961,11828.876499441174,1.0
cust0258,755.8452702081041,6033.843276629583,0.2434362894093515,15551.962329590668,1.0
cust0259,719.4091404087343,6920.611575594297,0.2076189328242222,13025.4756418649,1.0
cust0260,756.1908531397635,6699.534051279296,0.2017411968432533,11819.887374934306,1.0
cust0261,793.865878161529,5994.398624310535,0.1486249060845337,10194.166674194468,1.0
cust0262,763.4590729354359,7360.164183945767,0.2489501463259844,10100.305809855068,1.0
cust0263,778.8596156721552,6462.354242220184,0.1336473158216983,9448.160241144156,1.0
cust0264,742.8896408996212,7655.403829850237,0.137986948732204,10376.9794026513,1.0
cust0265,772.4970071827113,5929.808437105668,0.1921424342696551,14266.997516232945,1.0
cust0266,758.3780351464958,8719.040612841822,0.1572559724223881,11334.335186123191,1.0
cust0267,721.4726781093831,6103.667341407938,0.1494925962466292,7950.680791856306,1.0
cust0268,759.5556301439663,7219.302337200436,0.2290475289106663,17304.50787917935,1.0
cust0269,720.2491000967907,7791.859310388068,0.2301943490437089,12959.89557343549,1.0
cust0270,731.0135917534562,6429.359569799887,0.2649034139599858,7779.169798460492,1.0
cust0271,755.6798492187712,7852.468643432951,0.1835417133945951,10674.45321827753,1.0
cust0272,758.9173282014037,5770.816402199584,0.11461701820523,12332.659148485254,1.0
cust0273,714.3230260476861,8452.11769918256,0.1547332769842915,17113.776279892132,1.0
cust0274,781.6195731354862,7014.149264965758,0.2960010926393633,8675.662625223393,1.0
cust0275,767.1601883490142,6403.58859203112,0.2192517150465404,14928.12215806784,1.0
cust0276,728.8581469316734,6700.818227572566,0.241947416960204,16198.459280917028,1.0
cust0277,703.8724561065247,7808.91926939272,0.1014715659250829,10114.03708477629,1.0
cust0278,745.652862627557,6415.544708149562,0.2036411464365041,11167.4591434193,1.0
cust0279,736.6216885841652,6250.642310577223,0.1075057315063606,8891.072257878688,1.0
cust0280,753.3942137115907,6778.4634024162615,0.2138460424182895,11389.616576759085,1.0
cust0281,739.106500165333,5823.037887230032,0.2841541699272151,11890.230076971207,1.0
cust0282,689.7762941776497,8820.543907941816,0.2936838261000816,13978.949994247112,1.0
cust0283,738.3495918509652,6433.605408785277,0.2081105350777848,15270.55041306134,1.0
cust0284,740.8314266679506,7831.616786180403,0.1916409610504432,9755.71180613506,1.0
cust0285,769.0098307432218,7209.470083647772,0.2890034188496988,6098.024807322016,1.0
cust0286,729.0540097616686,6015.465949518032,0.234721966399339,11936.265662171274,1.0
cust0287,800.360240201177,6994.045290787271,0.1129798559076818,12880.612589905924,1.0
cust0288,692.6507834804473,7784.002779310748,0.1931451155334995,12748.253063055125,1.0
cust0289,789.3350249340788,6811.738664913693,0.1480490036928607,11019.980257472867,1.0
cust0290,743.2704308736569,8193.112945851028,0.1939608642897363,12374.256298991804,1.0
cust0291,775.7875461703067,8021.515392781864,0.1910931144012723,16546.334425056742,1.0
cust0292,752.394044521762,7918.914854658329,0.2164289605629484,13145.202506887528,1.0
cust0293,784.1866660807641,6540.343227727003,0.1713540980698502,10879.894724990749,1.0
cust0294,738.3791410634157,5920.157552218513,0.1328540898911856,10499.406548712011,1.0
cust0295,717.0413872446657,6386.412394637206,0.2007438869179912,11490.442926966807,1.0
cust0296,792.6151286181318,7196.24094066672,0.2660405768691524,16910.21988549192,1.0
cust0297,746.5955806235357,7545.786713532356,0.2328024456135204,11450.097871421409,1.0
cust0298,756.6467542087263,4828.428595239553,0.1676735731850431,11940.616966437876,1.0
cust0299,787.0425574213439,6991.88679838825,0.2871046045517714,10553.059287191092,1.0
cust0300,719.0413427371669,7158.089225323184,0.2824415142498364,15296.950072325892,1.0
cust0301,767.8647269291778,6722.455743684448,0.1418696798768197,17879.511764234026,1.0
cust0302,732.3031573061132,8291.27383901588,0.1078835170240726,13351.839148294164,1.0
cust0303,746.0349193306688,7421.780074250871,0.2482617416701524,12248.318711356278,1.0
cust0304,752.1683689615287,8310.191908080897,0.2655220522698306,12110.348499522705,1.0
cust0305,704.9933441565919,6784.039479649768,0.293572913190271,4847.079633642763,1.0
cust0306,726.634888715387,7937.477492506925,0.2779672788176621,14235.452592854452,1.0
cust0307,790.5321867723942,8635.06639452752,0.2201069536412829,12402.49924798753,1.0
cust0308,776.5857356575439,8311.693449272661,0.2060104678424761,13285.026151982174,1.0
cust0309,748.120812680183,5907.858406571267,0.1055682102525172,9865.613417748886,1.0
cust0310,757.2937037553868,6746.323922457619,0.1493312893689555,10846.629363068723,1.0
cust0311,741.1727248309063,6654.835294550204,0.1919229503465853,10766.92519049048,1.0
cust0312,790.6975015748394,7489.254535076328,0.2257007800167135,15064.868952219116,1.0
cust0313,743.9894226661751,7686.353555014533,0.2114503666636821,10863.72049019072,1.0
cust0314,756.9552627640454,6161.107325974263,0.2485271979363381,18247.980966329396,1.0
cust0315,784.3809043242619,7067.838513916938,0.1559533861774081,13292.587257045112,1.0
cust0316,726.6788554546227,4980.072667843864,0.2129905215304946,8172.952020012805,1.0
cust0317,796.7636755349068,8441.94500580189,0.1176284486781584,11614.36112024413,1.0
cust0318,704.0861577076987,6487.625759323307,0.1827331047166414,10044.974633530754,1.0
cust0319,798.889263933384,7055.863939844497,0.2500321665909202,5416.852590539927,1.0
cust0320,738.8197324814407,6690.350286011939,0.2386801706858088,16798.412820341367,1.0
cust0321,742.7190375652416,8146.027575013415,0.2981285474344358,14109.427626660012,1.0
cust0322,693.2996948645117,4162.49355860262,0.1555782251975512,13599.621953697935,1.0
cust0323,736.3561584786692,6983.389657674091,0.1996378598347958,12496.210980899114,1.0
cust0324,718.8058040691935,6894.181242502302,0.1659060827547993,7853.947293922687,1.0
cust0325,731.7706096387958,6546.363612408317,0.1881206228118349,10549.14858133369,1.0
cust0326,745.8806710263336,8726.226545635633,0.2713900259738776,14525.342324352036,1.0
cust0327,778.7337484341872,6112.670541144229,0.2368418150376973,8846.339910652492,1.0
cust0328,756.2281005420188,7771.796177235661,0.2764882382695163,4404.692051247559,1.0
cust0329,759.2302996020334,7356.252788706083,0.1407022216663773,11318.681976657224,1.0
cust0330,717.1344183346331,8261.519252535516,0.2746722235682876,11574.727337917384,1.0
cust0331,723.5773773119181,6332.810915222494,0.1119524548356769,12406.690249244128,1.0
cust0332,803.9617505505394,6267.031100876241,0.2777198560874304,14185.555930543607,1.0
cust0333,727.9439689571026,8096.069907477398,0.1658147558921456,13912.817436693624,1.0
cust0334,799.6862475617189,7425.321308330111,0.1629175266828132,12776.309415731765,1.0
cust0335,742.708164033574,5455.062653323242,0.2024177153397328,15586.594164260128,1.0
cust0336,750.0686380843051,6460.694985536729,0.2881380375446463,7443.090657560056,1.0
cust0337,782.1109548068979,7386.382653848061,0.109556272936281,13513.74544343217,1.0
cust0338,788.1567726581598,7837.764221546589,0.170446195014149,13879.615090010828,1.0
cust0339,746.6756231916273,6320.769346807045,0.2713143977366671,8281.313141759281,1.0
cust0340,738.3527083943538,4085.744010183059,0.1792108954870933,7491.388173952832,1.0
cust0341,748.3223865443337,7523.223185737033,0.1398313795194134,9762.173620573196,1.0
cust0342,760.1387258469636,5779.679310056024,0.1849588362662823,10015.375672454124,1.0
cust0343,776.7391106060927,4982.661201877589,0.1771105002983338,14260.258390507292,1.0
cust0344,750.1268957698245,4167.674075015859,0.2830832402933406,10156.383648926716,1.0
cust0345,768.5665889406946,7813.980860197741,0.2523868751486194,9430.954445156389,1.0
cust0346,799.1507919681283,7128.617450404967,0.2010231111488012,10165.098789916325,1.0
cust0347,761.4392883679435,6774.343619287748,0.2976741133443142,15355.897002462636,1.0
cust0348,759.3495856801434,8389.024362962762,0.1930555062551846,12039.130123130855,1.0
cust0349,704.432675247298,7637.324683023073,0.111647566164055,11462.246923929264,1.0
cust0350,671.0780958951281,8616.300042721916,0.152454864362997,11669.983503896843,1.0
cust0351,761.6512718769051,5607.264527833004,0.1872140960438625,15876.181002979569,1.0
cust0352,747.1552730615738,6965.449376046036,0.131380524829224,9752.484820190277,1.0
cust0353,734.5565197525577,5383.2866250519855,0.2895130252648086,15946.524872820311,1.0
cust0354,757.3059061255904,6770.617668144533,0.2533697795635546,12631.488896764513,1.0
cust0355,748.1878881240928,6751.384146233323,0.1536574400855545,11518.741854073956,1.0
cust0356,783.833407519017,7626.613637263071,0.2181609067035831,19502.701493802844,1.0
cust0357,752.5833260477693,7045.5638811418985,0.2442898314219144,8833.081530604211,1.0
cust0358,727.592301447895,7623.407138279916,0.2882557857813596,10938.94272129898,1.0
cust0359,779.7049871687786,7703.440133138894,0.2763270698350821,8302.706282508,1.0
cust0360,743.486067751614,9154.92867738314,0.2030384452276427,14857.385911608508,1.0
cust0361,765.7961005101693,6684.703344713876,0.2549305239586035,17067.566800955035,1.0
cust0362,735.6776788142159,6058.977299333621,0.212428950765517,17009.768344213917,1.0
cust0363,730.5051934350769,7246.083615316409,0.210540778009108,15671.846259438014,1.0
cust0364,752.5250469055709,6197.719972860456,0.1229483916676383,11407.138596612103,1.0
cust0365,750.3848593063105,8481.960768436536,0.1252275316032304,10904.27706753046,1.0
cust0366,764.394811061005,6716.781961054768,0.2059067230044914,6986.490682517805,1.0
cust0367,741.9406274007077,6434.42363212601,0.1537723089958013,18107.62060554538,1.0
cust0368,694.909206486888,6528.684278848882,0.1042073804920937,13406.934234445403,1.0
cust0369,737.0167834923484,7718.417423471641,0.2445678407800424,10524.129285391551,1.0
cust0370,773.8145540143145,6842.2530167685145,0.106497319338033,15984.170666960905,1.0
cust0371,741.0787176227068,6358.333179869618,0.2190553682208109,9081.706449719995,1.0
cust0372,742.6084979245636,8665.351917623531,0.2078387588254628,13219.866102668022,1.0
cust0373,779.5912951771782,6143.83015933825,0.2937629381155608,11482.112597127496,1.0
cust0374,728.6408031822323,7035.566074032993,0.1968426278695283,13916.031419640904,1.0
cust0375,703.7159034527131,7652.306151610231,0.1127202872755594,11809.279382441637,1.0
cust0376,745.1810664142351,5368.664889582927,0.2103375935612923,7647.216326666327,1.0
cust0377,735.4747814625379,7480.260501405924,0.2682192341232202,12226.729118010113,1.0
cust0378,721.0126104074023,5944.892324519551,0.299369856856288,15146.592425626086,1.0
cust0379,744.7386463230392,7822.782780834003,0.1860686347378145,11912.350782438043,1.0
cust0380,764.7451694174035,6037.348988081024,0.1640597484993485,14325.345364767258,1.0
cust0381,749.7213431529656,7692.76903184886,0.2813306593903998,8863.411542977841,1.0
cust0382,759.2094321805871,8105.833066294713,0.1382484258152242,11921.217620190444,1.0
cust0383,804.4022309554626,7861.436525632805,0.2230857830065853,10126.468634734269,1.0
cust0384,739.7136341532731,7251.316648238102,0.1811428848361895,14240.942520314127,1.0
cust0385,758.3504590393401,6768.6990570703,0.108216472991111,12094.474686785989,1.0
cust0386,734.7235991220259,6423.580423665157,0.1694576948611395,14070.221029009836,1.0
cust0387,724.6092084033908,8471.034690817103,0.1530457045005349,15263.131278473598,1.0
cust0388,732.4527703974669,6300.504779832357,0.2372182307886973,14074.855725364165,1.0
cust0389,735.6372428543493,5962.933926430003,0.2897580995383836,12819.355302880933,1.0
cust0390,760.7842739264138,7665.368935032829,0.1536094374757275,9005.363224465784,1.0
cust0391,820.4722736010227,6203.863196813505,0.2622931878303363,11991.641667999296,1.0
cust0392,728.5186969117248,6049.936502533873,0.1110719633876819,10400.7287939525,1.0
cust0393,737.5012408315362,5556.395737830235,0.2076242020079626,10967.80812988732,1.0
cust0394,748.1063096066625,6517.090160539482,0.1141100127419789,10876.397547749248,1.0
cust0395,761.8739654612924,6917.284976103507,0.2868065982261278,9060.223275653269,1.0
cust0396,757.9065243586435,7243.091727660699,0.253270256111478,6127.984232598031,1.0
cust0397,788.5228738184435,7951.306244299483,0.2315899822409184,9995.5708550167,1.0
cust0398,677.2082378839438,7526.897923665793,0.2647792763249328,12580.138355772477,1.0
cust0399,678.3921038941298,6809.12778044682,0.2295039591140326,7955.4688637175295,1.0
cust0400,735.1236548396955,6801.80432362028,0.2937888794348582,12047.046709414872,1.0
cust0401,782.9190056263112,7510.157468915183,0.2427915895729543,17700.805272932892,1.0
cust0402,703.0305590518321,8272.570162928569,0.2849317219164493,15069.169665756715,1.0
cust0403,659.7710298091873,7126.3141994832,0.2034263784021276,16930.624527361586,1.0
cust0404,767.1353821865763,6530.869145789591,0.1234128825963725,13173.383630798178,1.0
cust0405,757.3097167110815,6007.133998914454,0.2056355442846034,15502.529468959336,1.0
cust0406,717.2937477960171,5554.794735587775,0.1253745656126186,9828.105808596638,1.0
cust0407,720.4338119783721,7666.269672043523,0.218498695835281,10066.979198934048,1.0
cust0408,720.9076884109597,7577.978523639557,0.1964986121055326,3782.5793815875822,1.0
cust0409,753.3160595242182,7577.363525106662,0.2245150795665563,15558.436422126895,1.0
cust0410,731.2105417145098,6871.340553647944,0.1020093962109663,16620.971939459658,1.0
cust0411,764.8219175692656,8406.934745891751,0.1389680983310728,10340.46826395819,1.0
cust0412,664.3612001128682,6515.881505415182,0.1982660863824261,11238.144880808297,1.0
cust0413,724.2944440461661,7955.269237207205,0.2901007123178269,9738.413658927117,1.0
cust0414,716.2183811726685,6961.257105010457,0.1767218080710317,13147.960654432474,1.0
cust0415,742.3097796488253,6391.649235320662,0.1848744052107269,15374.797635909725,1.0
cust0416,733.8585672452958,7592.530307317761,0.2429392178013244,6771.684078356877,1.0
cust0417,773.935313396873,7409.636118683994,0.2207585514572236,13228.315591926756,1.0
cust0418,694.2198968501983,7356.972759266926,0.1597852300196666,11169.984684842564,1.0
cust0419,751.3647442899226,7081.278422056199,0.1821632791134855,12340.183175900069,1.0
cust0420,766.7500926963512,6962.106918283169,0.1435399597714464,13376.982005022874,1.0
cust0421,805.6994230968586,9388.371992870438,0.2932042918260417,11435.392683681535,1.0
cust0422,735.5470208671958,8184.256645196173,0.1261268763114719,11689.239439782656,1.0
cust0423,759.7337581305756,7722.826894985512,0.1743673569132839,11358.374497336084,1.0
cust0424,695.884116223129,7111.799158203388,0.1051677944440022,14910.948605364843,1.0
cust0425,678.2413138706092,8007.157200596669,0.1443558983867092,13256.27988038249,1.0
cust0426,775.343231273451,7517.9947763914515,0.2560942276760309,12661.750613212082,1.0
cust0427,749.8331911905578,7026.204752774036,0.1402350464577759,8187.144836723151,1.0
cust0428,785.3553806939527,6696.435674734085,0.1160126805057931,10864.260770360535,1.0
cust0429,708.7979133309075,6919.082662337311,0.1948906359689046,14696.007481017525,1.0
cust0430,765.5970641858626,3829.574264121945,0.1019938469469037,12113.089719371768,1.0
cust0431,806.0645352163156,7210.600839297642,0.1169532308852666,13978.594408767414,1.0
cust0432,762.5911682507179,6511.523919889641,0.261525173912595,17299.535400982903,1.0
cust0433,758.2974451677314,8592.669998282883,0.2542946689719212,15115.81820762645,1.0
cust0434,750.2566824247305,7019.344070811754,0.2830277640809792,12279.475013099229,1.0
cust0435,702.8735562862227,5811.036580465038,0.2709030871821499,10467.03248941282,1.0
cust0436,790.6671880713104,6950.119845871883,0.2366351126479636,4339.351211832305,1.0
cust0437,731.674270805848,5953.878914937495,0.1104665714601325,11494.845232581443,1.0
cust0438,765.1344976914905,7473.407415712467,0.2565697235973315,11021.962512549451,1.0
cust0439,703.1089708028624,7290.947364339485,0.2691021621681121,13171.098583186127,1.0
cust0440,714.6162100647666,7957.839631108268,0.2598164291543908,11538.284319075938,1.0
cust0441,793.0526219766671,6209.118208305435,0.2016958070616052,11038.844821689618,1.0
cust0442,739.5809313312648,7034.008096228147,0.1465803677298963,6661.803208478338,1.0
cust0443,793.5982642812763,5634.978204573365,0.2690659951377453,9180.0965125498,1.0
cust0444,747.6530802282444,7701.494781924714,0.2454325619480276,13429.953122401672,1.0
cust0445,694.7430668112643,7518.871180440122,0.2961522348777703,17147.722893398084,1.0
cust0446,776.7620279919516,7495.805021027571,0.1311385195511865,11707.42384876313,1.0
cust0447,732.3032304673318,7001.619031356941,0.145132916610411,12983.43322072237,1.0
cust0448,770.9606644055114,7414.772890788791,0.1423596299763005,14857.434470858416,1.0
cust0449,750.7563260262025,8604.339108308595,0.2585079535242673,9567.31819139925,1.0
cust0450,703.7064531617139,6714.905742957986,0.1373814592900236,13100.442129856328,1.0
cust0451,754.9288429611171,7138.645183710085,0.1133319659646612,9778.529681003523,1.0
cust0452,815.886694264584,5913.87370081859,0.2997121613171257,14594.473315473037,1.0
cust0453,764.7895937554338,6131.739038401668,0.1049634422890298,12454.209143855198,1.0
cust0454,748.2744674098361,7097.813293093307,0.2670488120317731,12895.35544194432,1.0
cust0455,782.2603020587069,8103.933546701907,0.1730733683101305,9652.204207744231,1.0
cust0456,756.3200539560934,6743.719175748428,0.268323091951563,14121.097078832354,1.0
cust0457,756.2860269078839,6764.083470687876,0.210924098242229,18254.13876369305,1.0
cust0458,717.2512448352269,6593.114755495625,0.280326245897272,8976.264913715382,1.0
cust0459,757.0154407736879,6465.243329155677,0.2852385972829253,10980.722977057429,1.0
cust0460,781.0633024925083,7294.971455708822,0.1018196362561552,12694.822422504276,1.0
cust0461,724.9181354369993,5502.742354821356,0.1150824351985576,14359.21863598745,1.0
cust0462,792.7348746374084,8280.939576666728,0.1500717459141711,10321.361144131592,1.0
cust0463,747.2488192756463,6334.577701870539,0.2338630832727003,3500.909129571781,1.0
cust0464,723.3669146538438,7721.903485438142,0.2776544393023011,16077.568482492075,1.0
cust0465,779.9289623076073,5730.001402606124,0.1919883902587925,14281.518358752428,1.0
cust0466,741.3961729278519,7668.840130546218,0.2213946232548531,6771.157408540005,1.0
cust0467,772.7854466245832,7671.944607814497,0.1376999705591122,10177.293624661332,1.0
cust0468,741.2472410322439,7384.202072005896,0.260993366776337,16704.547288581976,1.0
cust0469,748.2052156941029,6005.571478200208,0.2934656222706939,16343.389255373597,1.0
cust0470,764.8068061300288,7249.548189598077,0.1537197865829195,14815.920068036834,1.0
cust0471,758.7269117277002,5816.943815265611,0.1989651903201092,11471.662698120412,1.0
cust0472,690.1340465864479,6747.236744903815,0.1172232221012747,12248.96225643753,1.0
cust0473,716.3626877971683,8029.413100955326,0.2118273312925936,11607.22258462162,1.0
cust0474,777.8822995437245,7796.701927070742,0.2005566883693361,15384.719349806512,1.0
cust0475,746.0359023329536,7015.182942540433,0.1288872968310155,9372.472780514669,1.0
cust0476,734.2880609168574,6025.193424077158,0.188413242623615,9582.601035347388,1.0
cust0477,709.2427795422758,7645.587712174193,0.1668209304173126,15030.823760508049,1.0
cust0478,717.6079103617245,7019.381237698025,0.2043661750610378,11866.915633465314,1.0
cust0479,689.3460408011416,4679.684401769577,0.2171308670857598,16135.402066361425,1.0
cust0480,746.961578438954,7782.629826316518,0.1016991157214419,9985.463379058365,1.0
cust0481,732.0468725825685,6975.767166130308,0.252201196589911,11835.664918983524,1.0
cust0482,721.0023632704406,8202.451247983072,0.2426028583723481,9232.76104546814,1.0
cust0483,747.9562972449614,5904.729481157196,0.1732572772413044,12022.088044270702,1.0
cust0484,760.9191189255821,3823.2961868039993,0.1105871871137636,7564.359189003603,1.0
cust0485,812.7959379662983,7279.083858345185,0.25098650795701,10537.099737135111,1.0
cust0486,704.6434974131035,7291.563676681972,0.2910350320956265,7691.238405215647,1.0
cust0487,784.7814312990157,5309.328372393548,0.1480303192044028,14081.769699573775,1.0
cust0488,779.1930468304522,6021.500454133394,0.1647049227474075,14149.768019278956,1.0
cust0489,726.627217818699,9755.217743719904,0.1367625778963629,6809.211808546965,1.0
cust0490,756.0970786375809,6694.389385846197,0.2153872246689679,16001.657236501718,1.0
cust0491,736.2710025198716,7730.958976376216,0.1309682789294909,19492.24537925956,1.0
cust0492,755.5706574125621,6349.340172631616,0.1712387886922758,12138.019160209024,1.0
cust0493,795.2739304021366,4909.697101146843,0.2394026027868525,10076.657219326064,1.0
cust0494,768.1681869789394,6829.741753204095,0.2120231966018697,20000.0,1.0
cust0495,765.2582511970032,6734.395439713895,0.177292512865587,8043.094505092467,1.0
cust0496,737.0907204013607,6600.1217613316285,0.1840499203615083,12060.319400607295,1.0
cust0497,705.4783000522699,6885.359164493608,0.2124221765246459,12538.86681789577,1.0
cust0498,743.7459536837878,7264.268271645637,0.1011729455774322,16035.442861357244,1.0
cust0499,786.1982446459175,6849.883048746194,0.1157019736907219,13079.216925380366,1.0
cust0500,704.1849643023106,5735.993832052636,0.2762516135526023,10504.098312634644,1.0
cust0501,552.4407814806023,5156.987061006375,0.5620606598246665,16103.123373699416,0.0
cust0502,582.9089089876932,3633.4663570699818,0.4270076273361095,16740.557087343095,0.0
cust0503,549.6536319527428,1924.9805325958955,0.493730327399277,18455.199927010464,0.0
cust0504,602.3912659892342,6343.500858987412,0.5877156479172065,10000.0,0.0
cust0505,571.7901910069756,3926.6829903929583,0.4371664111130685,20690.392042087733,0.0
cust0506,525.2981103355124,3101.440244775936,0.5955986847476469,10569.356480244867,0.0
cust0507,662.7572894187451,4500.161889379737,0.5988575971522118,20265.29656466309,0.0
cust0508,575.116373828548,5400.544945603957,0.5111234309364806,24326.448780676248,0.0
cust0509,536.5931597512343,3972.339332697441,0.4340285480354316,17615.61769678082,0.0
cust0510,591.5870432756229,5534.290201527249,0.4632209775881791,28385.57935093436,0.0
cust0511,603.418578298383,5299.599926220242,0.484898566535307,12697.49550290756,0.0
cust0512,512.6766637210483,2708.34257511753,0.4618648448716446,25956.30340815916,0.0
cust0513,616.5823833562881,3191.451873208628,0.4561271159753031,23375.685282034603,0.0
cust0514,547.6421215654868,5149.044595935721,0.5944459418432715,11419.833758446555,0.0
cust0515,685.5514404595394,744.8649234274744,0.4306729654831491,33553.97149520266,0.0
cust0516,626.1980256038368,3820.6531682020136,0.5466655817433724,19681.273572480168,0.0
cust0517,580.0050004945342,2283.002558050394,0.400082057887835,15612.57988922184,0.0
cust0518,562.7416114841325,3428.1354382797704,0.5192365338804754,12964.564026079915,0.0
cust0519,594.7516146218188,3641.415893164955,0.5831886007908105,18899.909861701628,0.0
cust0520,630.6395370791645,3570.1067465109904,0.4575868188186438,19362.9656380502,0.0
cust0521,598.7252935707401,3337.2864974648696,0.4371051950515439,20513.227642698323,0.0
cust0522,589.1420596431572,2683.427620445423,0.5303359589756854,18511.0192188802,0.0
cust0523,602.9185145408948,6750.293520182424,0.5425202814596786,23166.126550575467,0.0
cust0524,569.8070534381523,6240.954404993621,0.5376061037903963,18061.850836683767,0.0
cust0525,582.8397036578481,2605.5210156924604,0.4638633760042748,10325.179413797645,0.0
cust0526,495.7103780547498,5898.54010156428,0.4504404804318662,19253.192521751796,0.0
cust0527,648.6863115426183,3520.6414114325767,0.5911837599924088,10000.0,0.0
cust0528,614.939889016088,4155.0249679980525,0.5846599016539858,21768.85315445695,0.0
cust0529,561.3272077983285,3924.071248123701,0.491463321978564,15103.498848586823,0.0
cust0530,694.936749067762,3208.301630495241,0.5692387732308747,20816.801774579,0.0
cust0531,604.3508240196194,5180.622812327376,0.4904646955268592,26570.374907623023,0.0
cust0532,548.1928214012402,4151.063836691989,0.484877803614502,15256.256523659998,0.0
cust0533,642.836871073523,3428.1382921369104,0.4313525895198589,25306.28129256059,0.0
cust0534,619.9024108254631,2434.492667439433,0.4852812112983946,17833.052166569236,0.0
cust0535,619.728999274211,2927.685983537056,0.5074833877199614,28765.974010327925,0.0
cust0536,578.7122197674205,2030.343861277484,0.4045008654857373,18174.23693400893,0.0
cust0537,622.5247861889018,4014.6682580982033,0.4888226010350813,15797.535072466544,0.0
cust0538,586.9120854889453,2564.0012892587247,0.55627124367904,23436.19225197644,0.0
cust0539,627.7970725822921,3681.327384977751,0.536009211274854,17821.05135188182,0.0
cust0540,504.7527772994681,5644.122224332445,0.527031397772787,15792.752429354958,0.0
cust0541,578.3063268510406,5439.159487505903,0.5819110856874405,17610.800746481043,0.0
cust0542,686.1077548904098,3961.2677270768586,0.403606401965046,19776.967339084997,0.0
cust0543,561.6466272299849,3895.49832862822,0.5114095172384469,26710.900656224272,0.0
cust0544,569.8080851253407,6255.849459305209,0.5574697696819414,10329.561272702114,0.0
cust0545,577.6019330775013,4624.907344430453,0.5082670765402535,20115.403294752105,0.0
cust0546,539.2596932055678,3606.632248148173,0.4647791105160758,23124.517973270216,0.0
cust0547,489.58596118858736,2288.7782594554574,0.4272501130183956,20967.24287495898,0.0
cust0548,588.4706800738194,4472.647861797692,0.5775126143632383,26549.32584716767,0.0
cust0549,606.7929712040828,4995.188527099435,0.4941524784775206,19628.27335120738,0.0
cust0550,597.3747465730673,3242.018170583627,0.5756230393971402,19077.242789070275,0.0
cust0551,592.7560719026056,4349.443306165639,0.5171704244866336,22961.64773506672,0.0
cust0552,602.1520435425194,3563.712046101965,0.5348384233230001,20496.56907475675,0.0
cust0553,651.1420735775382,3779.161120961197,0.56085223087569,18047.956308597644,0.0
cust0554,590.4776907035391,1014.6135309252022,0.5318311089200268,22580.7201979319,0.0
cust0555,571.2958711456365,3733.8623155406376,0.4796109681357875,16737.358533916773,0.0
cust0556,585.9437257555957,5163.243162889665,0.5027266767857302,16944.114239903363,0.0
cust0557,628.9673379878387,3242.3169333201304,0.560609104935176,17360.029891171933,0.0
cust0558,670.6013439271625,4063.0316418583793,0.4747300592745968,26765.34580083204,0.0
cust0559,568.592813041541,3092.859151969696,0.4776242913536994,10000.0,0.0
cust0560,604.9466893514442,4432.530011551327,0.4191380232116002,21977.99417381471,0.0
cust0561,616.917872096798,3740.172162956592,0.5829168870443495,20171.359071001112,0.0
cust0562,550.3710996635589,2872.910151181592,0.4182072629890884,11595.647703809398,0.0
cust0563,601.0208583606459,5599.061761198153,0.5296418354897112,21548.63389568001,0.0
cust0564,526.7163071328953,5114.718416238658,0.4826388957605595,22378.759959157655,0.0
cust0565,511.54748481303005,3274.1118832861903,0.4811238780510884,22948.196156787,0.0
cust0566,618.3373203946129,4597.345971301333,0.5359103673145368,10000.0,0.0
cust0567,580.8062629334609,4644.894403384456,0.4134187465259757,26831.947059272192,0.0
cust0568,610.114020381061,4770.761482013411,0.518741156590287,16311.316476575796,0.0
cust0569,599.1052511495825,1966.892924805907,0.554406357194471,23432.83873376588,0.0
cust0570,551.1799975668101,5207.927849239153,0.5656425515773188,23705.36890341143,0.0
cust0571,597.7372849017831,3316.3612444891223,0.4341060778787551,15616.514571903535,0.0
cust0572,538.3449347492573,3570.60647987048,0.5794838100156348,23302.299761757757,0.0
cust0573,669.54861790007,7165.45810271224,0.5312292183694884,18072.53379543821,0.0
cust0574,532.2014827570018,4362.248056865215,0.5763709601641366,10000.0,0.0
cust0575,590.2107364515709,3536.413029463389,0.4970561434220396,25838.70962763889,0.0
cust0576,547.8864205976375,1353.6467526929127,0.5084066690194404,16124.7751849188,0.0
cust0577,628.5210586680398,5667.716960735626,0.5838076554057342,15727.532686309729,0.0
cust0578,583.4284314359248,2385.748395029677,0.5799819086709344,17984.67065981639,0.0
cust0579,574.0666640189395,2795.873315800596,0.4896321746738004,21361.18362663694,0.0
cust0580,642.6600772525777,3602.377241094581,0.4548825263271364,19713.64794588949,0.0
cust0581,601.4715295838776,5699.694150040351,0.4786340869128528,22740.33462353585,0.0
cust0582,625.8322222967984,4927.887983998911,0.4775528657059499,13302.553167356706,0.0
cust0583,550.9337031741268,3810.594988191688,0.4573733749965588,16288.068147846328,0.0
cust0584,529.7591528036246,4369.9504763665855,0.4537159208665933,19420.01463839233,0.0
cust0585,605.3603981020067,3279.537168554673,0.5722125872959438,29489.43646329353,0.0
cust0586,584.0576822252634,4167.584427478421,0.4139723841369324,19430.93730793121,0.0
cust0587,631.3217336226973,4088.004093733764,0.5355222364199188,25426.11131830816,0.0
cust0588,596.0045773668725,5162.523874817623,0.4345640102912905,20192.775843921587,0.0
cust0589,610.2537669617315,5160.61374692674,0.4689011786788126,17581.706812812157,0.0
cust0590,518.8308735029378,4592.772858646774,0.4123086068269674,18766.3778794278,0.0
cust0591,694.4218469807129,3565.182930944677,0.4539947273710924,19157.9014398556,0.0
cust0592,591.7879007483984,4890.186753268152,0.5536842142234484,23018.228694803693,0.0
cust0593,634.8793485169599,3889.637840556344,0.5770030649094517,26873.05633788277,0.0
cust0594,558.1954164890187,2701.7027575442407,0.4443054303804734,21798.404238431605,0.0
cust0595,615.400495110867,3516.054649706873,0.4927095678517844,25935.388393708778,0.0
cust0596,534.8577618237628,4101.43238054119,0.4940648095874412,15176.051311851572,0.0
cust0597,622.6033919129835,5092.258940397695,0.5747150611519468,17926.84745592985,0.0
cust0598,582.2012957807084,3779.766193411416,0.552559810575161,16378.487328961666,0.0
cust0599,601.4595251967784,2548.9615465124725,0.50261544367361,21572.22295437426,0.0
cust0600,634.8987015065048,4068.090019956184,0.5341494400943547,18205.20807410293,0.0
cust0601,538.372984438986,4136.147248067863,0.5694710107818733,23648.86468517098,0.0
cust0602,565.7754134693602,4223.005154683304,0.401907790805109,15344.991441837792,0.0
cust0603,622.8662140543382,5103.845819145316,0.4805780062100097,20215.154866606408,0.0
cust0604,700.0,5222.707888107878,0.5814486334554158,23434.28955506128,0.0
cust0605,593.095883266926,3286.946953142,0.5480626061687903,10000.0,0.0
cust0606,629.5568058961966,3260.627850341268,0.5085682748668149,30608.15653665102,0.0
cust0607,594.651426507076,2751.7615468534323,0.5059289054070267,18584.240575600623,0.0
cust0608,697.112279737815,4838.578804336572,0.4695540195208875,10000.0,0.0
cust0609,512.6389166517372,5738.584130005259,0.5041041067283029,20790.46949288393,0.0
cust0610,604.731052233468,3621.901686509292,0.5310766398926906,20167.217339865754,0.0
cust0611,518.7227983218969,3710.283322330008,0.4836726076857586,19590.52810213753,0.0
cust0612,474.6714214731642,5760.139068278771,0.5428306292784348,24955.95556463333,0.0
cust0613,614.8731026558909,4606.669423858009,0.5722464454520771,23737.22485713528,0.0
cust0614,606.974889807373,4523.482845761266,0.4309369696369722,21489.380955119224,0.0
cust0615,585.7581531128899,2570.900192831528,0.4903094045634849,22250.77816973324,0.0
cust0616,594.6902954980123,4814.473683135303,0.4816040182570162,19478.20775280957,0.0
cust0617,700.0,2885.03639138829,0.5374929608099456,28877.454246200243,0.0
cust0618,587.0912430984283,2639.1757768780503,0.4499734930515859,12604.019908211169,0.0
cust0619,625.5062180625038,3583.8741078799453,0.5280501829904553,20698.25837107948,0.0
cust0620,567.5317590193059,3297.048731861572,0.5754978483462976,20325.1231559439,0.0
cust0621,614.7616287520301,3734.0803667379528,0.4836263199587245,24066.402030322966,0.0
cust0622,588.0883162472192,2270.822038570098,0.582203139995844,15780.730612875504,0.0
cust0623,579.4740758635135,5150.579567761207,0.5986327477866957,11281.63698801732,0.0
cust0624,690.9449266100162,5353.223553419715,0.4212184099895904,20784.115080490967,0.0
cust0625,658.8592481592169,1663.1890310310228,0.4466106375969717,21406.15246109302,0.0
cust0626,606.8373323699616,5174.14936679986,0.5900759502964186,27447.997047238245,0.0
cust0627,484.7894032028017,3027.365644214048,0.5916655372962774,13648.18976837457,0.0
cust0628,581.9495388373715,5028.370644379344,0.4195414550773517,25773.4688335836,0.0
cust0629,700.0,3917.864208800301,0.4029997000754273,31837.071820135607,0.0
cust0630,588.4669166680146,4034.530676897198,0.4322200046512844,18111.175562387616,0.0
cust0631,655.1608786026829,3777.8828206945377,0.5992025566764496,13545.28890253388,0.0
cust0632,672.0971200976301,5454.555045080184,0.4359999233221374,17965.128168133146,0.0
cust0633,610.9481957927987,2512.494384969966,0.5005095213444046,20070.024836856905,0.0
cust0634,557.9089184065924,4729.40840648201,0.5696835452861022,22818.939375034573,0.0
cust0635,478.2343834108556,5321.59619786746,0.4040803221376413,17043.026350809763,0.0
cust0636,634.2081604304477,4859.608096648492,0.5208977964516919,27775.992670736712,0.0
cust0637,559.2621998588226,6789.638697188101,0.4554050897739248,14427.338424959691,0.0
cust0638,608.8075225943846,3365.263884730361,0.5724669832879463,11303.974239136,0.0
cust0639,537.5089830205318,5148.765787112237,0.4566922298528158,25533.552121436587,0.0
cust0640,586.7381229764899,3872.691237590296,0.5373511440563817,10000.0,0.0
cust0641,601.6859527450526,5480.087291623204,0.5348439264894793,18979.351155636417,0.0
cust0642,613.4296790522149,3990.773205134357,0.444298709771928,35588.405646040235,0.0
cust0643,544.2588906323792,3534.5490617650366,0.40695983997367,19939.782235200342,0.0
cust0644,659.8455474380676,5567.286644645955,0.4818499147570794,14396.161746518752,0.0
cust0645,570.1552607634014,3410.125673177284,0.4578386303931739,19713.01268106603,0.0
cust0646,516.2765269773378,2304.7290893193326,0.5617955499227417,19745.99605690233,0.0
cust0647,594.5488290018268,3379.7837401914057,0.5600728376910691,20803.249701765584,0.0
cust0648,601.718765451323,4742.839535906239,0.4914047904385251,23311.314910798097,0.0
cust0649,608.029471658588,5670.446501904509,0.5213024450646437,14804.444158161305,0.0
cust0650,668.106620184254,4133.355250355815,0.5208519031973851,28437.74027618397,0.0
cust0651,588.177558163207,5581.83648068083,0.5654316296855246,21225.57142186309,0.0
cust0652,594.0190187815614,2370.190094226888,0.4850004828246395,23633.97023200902,0.0
cust0653,544.8407809383453,3468.083842218517,0.4550893359581018,16859.253001221787,0.0
cust0654,641.0276751443948,3653.7098594150784,0.4530069836281095,26431.910684977665,0.0
cust0655,609.2154532039052,3862.528687032976,0.5072384558564408,18714.73795593468,0.0
cust0656,578.9986136352919,4100.913265900236,0.4898296405464425,21387.76256746766,0.0
cust0657,504.7662653267268,4829.093148870631,0.4880241541969872,15334.469614064454,0.0
cust0658,672.2206097527544,3466.231794195412,0.4182274678179414,15015.341867989366,0.0
cust0659,538.6160017771972,4166.834424343751,0.5437207481380391,23441.02653226441,0.0
cust0660,570.4360995315147,3945.852531611138,0.4427473375963821,17781.96584896307,0.0
cust0661,617.9172255538001,2888.93211533062,0.4393907260417443,15730.884562478112,0.0
cust0662,540.1721035691656,3863.5999731022775,0.4825516640554786,16784.083289864848,0.0
cust0663,525.3245110873428,3827.608564123458,0.4455556683235603,23494.765358587105,0.0
cust0664,493.80262086496674,3801.903321996345,0.516771653461603,16854.810693981944,0.0
cust0665,636.0498476452818,4038.111347897741,0.4742926678668943,19411.72534198918,0.0
cust0666,572.7406877636839,4090.808248736064,0.489782344518558,20075.138751435486,0.0
cust0667,700.0,3481.2457850712035,0.5074338643208057,10413.255569948506,0.0
cust0668,550.2822467184563,5527.257680765518,0.4407071044963609,12644.36797313241,0.0
cust0669,553.9274488285539,2596.62324495638,0.431150324573106,21681.38944623781,0.0
cust0670,571.7303514857299,3134.8358698361244,0.5760843805747209,16314.853194236515,0.0
cust0671,612.1567327569245,7335.956349068267,0.4867447405662842,25283.624556402094,0.0
cust0672,576.4898330607344,2754.410374012924,0.4824187219265078,24834.03552125272,0.0
cust0673,630.6166107001256,2375.49439034829,0.4071224300545683,23595.843331777185,0.0
cust0674,551.0705805005673,4881.372094001461,0.4995952605174786,29098.85893656299,0.0
cust0675,530.920414076821,1507.4561754713511,0.5108339443222,19584.553361284085,0.0
cust0676,510.0892630295446,3717.671308033073,0.5117681741909333,23244.4096295192,0.0
cust0677,488.82129160314014,6574.989910091786,0.5414062338645769,17077.995117019844,0.0
cust0678,574.0965490262472,2146.07689341592,0.4354963669982024,32261.849564343614,0.0
cust0679,584.9509843803389,1621.642617113544,0.4504446268461238,29918.168262180097,0.0
cust0680,568.4281486258408,2200.982557650762,0.5621460930460825,20059.40217258896,0.0
cust0681,662.1702898593581,5078.031482016383,0.5894341233686788,21932.93114952596,0.0
cust0682,661.4015104804067,5349.732063982975,0.4271865494734641,26796.487996824028,0.0
cust0683,583.2598506277749,3384.8934436257896,0.4995299109010436,19264.302475929464,0.0
cust0684,510.3039443404018,4819.854884801282,0.4428352505479174,16716.87964600148,0.0
cust0685,571.6647445972474,5668.306393014387,0.4120146336709965,24369.948755034413,0.0
cust0686,570.0089303041469,6144.815697315791,0.465100667625227,20392.19623041835,0.0
cust0687,567.1432518860971,3704.3976625841824,0.4287375250368426,20914.972248226302,0.0
cust0688,565.1140548050878,1238.233938796016,0.5419866146868493,15828.643284660173,0.0
cust0689,567.3268552137597,3014.945293108376,0.5067450827342889,11411.63925818302,0.0
cust0690,580.6729192051121,3487.8349660776908,0.4287668941980622,21180.712049395504,0.0
cust0691,568.2229450592222,3689.273444105931,0.4018483176811029,24524.810207471,0.0
cust0692,610.4161254312796,3774.568718789536,0.5616314098048425,18870.96625461979,0.0
cust0693,618.018435795243,5342.673517516803,0.4352388812328495,27182.147597794334,0.0
cust0694,554.4677456408755,5529.3141120250975,0.5212433284441532,16480.41837292228,0.0
cust0695,663.5532663003517,3793.99161529026,0.4673843826153491,14726.4777251704,0.0
cust0696,550.9968849079693,5318.181851262182,0.5170971876630072,19663.848464019346,0.0
cust0697,519.1099693092332,4429.193639957307,0.4631307253964648,19587.037123243543,0.0
cust0698,619.0389035682526,4077.407167435086,0.4173879121384508,23849.843656676112,0.0
cust0699,559.129593279283,5087.852988531957,0.4445900017115507,16125.185879680075,0.0
cust0700,616.0645735378694,4086.702457885499,0.4376117132958151,26840.47118407449,0.0
cust0701,479.8165699449735,6469.373412517314,0.4856038704879287,29834.584812541267,0.0
cust0702,669.6227970741534,2273.906599846529,0.5316567566852315,19804.27986515829,0.0
cust0703,633.6146704020201,3381.7949210895786,0.4527612149892715,26248.55210092159,0.0
cust0704,524.9761725418499,3848.177323655259,0.4024139870601236,14717.5146468737,0.0
cust0705,526.0611438076858,4527.343228549589,0.5037874728529513,25376.10770590958,0.0
cust0706,683.6132952048764,5521.552584523706,0.5211518978717944,25236.38204279731,0.0
cust0707,563.1310048251021,3970.721719316612,0.5925740988003619,24317.186400949395,0.0
cust0708,558.2907575633689,2293.324420592551,0.5178941606186493,19922.18455564853,0.0
cust0709,486.6973952925359,5011.016675746005,0.4942345118756284,10000.0,0.0
cust0710,582.4610897199223,4905.950519370357,0.5146803251795408,16791.364281739352,0.0
cust0711,588.6140192582124,1669.769608744713,0.5855801259724054,16870.419911576988,0.0
cust0712,635.7746548384742,3995.435039595041,0.5656756291203292,15108.725309697613,0.0
cust0713,530.0460785907762,2091.8298031836425,0.4645957466727616,20611.21502273533,0.0
cust0714,523.9856603879696,3202.418682997525,0.4474508727314275,17905.182772393826,0.0
cust0715,622.5481317388238,2916.6292876446405,0.4525267224732147,15876.93995117489,0.0
cust0716,650.3365035613532,4971.117637890383,0.5008842079430426,14705.9992587609,0.0
cust0717,521.4423824441059,4140.196209006621,0.5488098902457156,16422.435072573855,0.0
cust0718,654.0757043149871,2457.290799092767,0.5006438414365925,25607.496059249643,0.0
cust0719,601.877092074341,5056.07915554881,0.4135592791656225,16694.87472686253,0.0
cust0720,654.5902669537322,2279.4330112859025,0.5447161400879962,17425.306467833638,0.0
cust0721,596.4889819241191,4396.136548565132,0.5611940257341907,17716.51192488377,0.0
cust0722,473.8861041256025,3023.187196850133,0.4578995730239439,21694.967569047098,0.0
cust0723,592.4016308841981,3561.187500963376,0.5328251478566701,22281.247442642663,0.0
cust0724,653.0071909335635,4605.124897646061,0.4853183802108787,10000.0,0.0
cust0725,555.3126990458143,4625.739278871435,0.5778238711454886,25108.17606913804,0.0
cust0726,580.6017515546274,5604.362888267153,0.569045111632148,27181.84017121877,0.0
cust0727,591.1933248224511,3901.295560394256,0.5050863996619285,14749.067313191652,0.0
cust0728,455.0243060065759,4367.741035556009,0.5383011091627189,15138.508776325829,0.0
cust0729,683.5673787718738,3474.7152131148105,0.5766699402044208,17748.733061108644,0.0
cust0730,554.9312160051413,4218.387859147357,0.4991434020156551,16219.979902716976,0.0
cust0731,625.28677162364,4527.383257610214,0.4626501480977644,21119.63436973303,0.0
cust0732,595.6649431925896,3882.0281830547488,0.5507332275819162,10267.37356820568,0.0
cust0733,662.880952817968,1835.4994190890045,0.4440132509569384,14410.361959816302,0.0
cust0734,620.302806121404,4397.765075597074,0.4777062296012084,27695.986000874535,0.0
cust0735,588.2537864239513,4437.473772826548,0.5731454474213588,15358.90016325991,0.0
cust0736,555.324245374036,3183.791828382459,0.544884468053863,26217.141390514626,0.0
cust0737,639.892535069107,2458.735556712983,0.4807622010494998,21776.69097795069,0.0
cust0738,506.3279348022692,5771.054980604758,0.4429489004816715,10953.661427058709,0.0
cust0739,632.2945210137946,4589.734613073282,0.4711936781664473,23176.645976081032,0.0
cust0740,545.0477624222564,3725.102762893948,0.4568208298454866,19411.66348903573,0.0
cust0741,662.614183097832,2635.560540223015,0.4352178575887708,17722.664718751297,0.0
cust0742,608.0649771331348,3013.8222058943848,0.5486665827131313,21224.78546586002,0.0
cust0743,632.2061883925054,5563.108476143478,0.4504139773700343,22373.16742783396,0.0
cust0744,604.0994406912359,4165.194329041656,0.4908334940335527,23537.959109873096,0.0
cust0745,512.3811452429502,3339.295519599152,0.4771718893672218,25891.26423774001,0.0
cust0746,556.9635418302331,4611.627077469588,0.5964154757271262,22040.679563891783,0.0
cust0747,633.6194668805691,3022.722175064412,0.4782184488296441,13121.82955606819,0.0
cust0748,608.3327908679922,5801.011636336454,0.415996496559351,17631.772711744044,0.0
cust0749,659.0494952652836,5623.36064187607,0.4179651505144168,34715.24167634311,0.0
cust0750,620.1637281518585,3440.1111145566683,0.5181507442706129,23622.45530190864,0.0
cust0751,551.664905464867,3245.595703562968,0.5198727103476531,31846.436504057485,0.0
cust0752,560.1967931139683,858.2401615692643,0.483751798096531,26977.170410995925,0.0
cust0753,605.1458695261618,2222.1030741383584,0.4863687384624059,21209.01035777874,0.0
cust0754,484.2977966999947,2392.6362700506925,0.4107865165681743,21507.03534890559,0.0
cust0755,683.6720942811493,4162.228409184863,0.5033093020778524,19817.09980061577,0.0
cust0756,622.0873368188778,3608.519554670369,0.5009478950760703,11310.976920767502,0.0
cust0757,661.3517298524437,2385.5974151017103,0.4299098637113889,20090.23626234112,0.0
cust0758,520.9698029595415,3662.603149042531,0.4207678772221855,26053.372762710984,0.0
cust0759,662.2282580177628,4606.404577176818,0.4247144981198981,17001.800025893983,0.0
cust0760,700.0,4633.407219898704,0.4202056492982517,22059.764995309048,0.0
cust0761,533.9560822311341,1720.3956629693423,0.5219416391073519,24257.955229465988,0.0
cust0762,638.5700897451883,3846.083823419403,0.4392965304805837,15451.597803437624,0.0
cust0763,600.0554972343647,2339.991067634068,0.4502860304374927,17743.48567828168,0.0
cust0764,522.7783075875877,5082.074436568329,0.434714428830288,14910.442547614204,0.0
cust0765,624.6441985925935,4940.975699624198,0.5915670608897006,15889.171966552964,0.0
cust0766,641.6801602418674,2922.36732841065,0.570923492630367,13561.973581734695,0.0
cust0767,569.9436723665576,3080.74575711952,0.4460989674703042,15497.757693109868,0.0
cust0768,658.2958260127612,3446.479539402031,0.4655132587844252,27097.2784039892,0.0
cust0769,516.6618296605401,1296.6479263223928,0.4419785684609994,15422.614854548538,0.0
cust0770,525.2621926775178,4403.161808128692,0.4983751918921647,20632.29609530345,0.0
cust0771,606.8298697794377,3672.5865443918433,0.4039221064948507,17485.656231645222,0.0
cust0772,601.2692638986135,5164.210099081431,0.5342736017793591,25894.329685184697,0.0
cust0773,564.1713255787947,2681.908938444937,0.5046316299635283,26555.81148301808,0.0
cust0774,640.4797217985943,3257.0524621000823,0.5797277856602207,24320.34991069473,0.0
cust0775,626.5447157107975,2192.169690353062,0.4328785368656828,21530.672765513777,0.0
cust0776,642.9069535467008,2794.8513238068963,0.5608218492122263,18844.70231579551,0.0
cust0777,593.8431782323867,2581.621604718137,0.5583922028933431,14040.62647904375,0.0
cust0778,630.1290133989171,5195.168414615735,0.4254362378433774,29717.644405610983,0.0
cust0779,577.7174848485002,3162.085781498329,0.4797118448288255,16201.634911237234,0.0
cust0780,700.0,4149.010821693536,0.4340305282289034,23318.23173516421,0.0
cust0781,559.3727114939007,3543.083915365835,0.4509441000915098,25297.827863116985,0.0
cust0782,700.0,2476.6416807846244,0.4526492349661088,17223.597515473353,0.0
cust0783,601.7443973544704,3798.0394921940288,0.5112472788051545,25190.06263657981,0.0
cust0784,531.2244555215628,4718.923998236313,0.4822821863520931,23821.06601669428,0.0
cust0785,668.4039675244301,2550.6887289479773,0.5895465608012611,28639.819176908823,0.0
cust0786,606.295069419748,4970.935348877654,0.425274028389401,17653.267667866443,0.0
cust0787,642.5562049190119,2980.3348942267644,0.5947384269700398,13570.679913601423,0.0
cust0788,661.1927959271296,3420.419288712591,0.4461277280428528,17472.551222777445,0.0
cust0789,616.8977777072513,4636.819747612058,0.5545747872763707,21044.26771267166,0.0
cust0790,570.3879577593593,3203.8766113366146,0.4677939852345643,20291.06363542528,0.0
cust0791,648.7856688834624,4045.089831203039,0.4286162790834628,18032.810518627248,0.0
cust0792,600.0377753727298,3622.371005454289,0.5715778370492479,10454.012705113786,0.0
cust0793,634.292890930421,4155.241608044582,0.4617721798472926,22352.41498064553,0.0
cust0794,492.31347131042696,1143.1130733718032,0.5317710808453684,29861.722395411,0.0
cust0795,622.3490858504925,1804.3818217503003,0.5132887370173254,22321.25619061502,0.0
cust0796,568.0707087427485,4739.160407256206,0.4943512618781748,23045.677595267567,0.0
cust0797,682.6654818589266,5244.61768677886,0.4991638945297078,22862.226530775508,0.0
cust0798,631.1543673944548,2907.4159557621742,0.5464475828184575,21985.233349412,0.0
cust0799,611.9928872924648,3707.165977394639,0.4175545828246881,24658.329834340475,0.0
cust0800,624.3154996675111,4353.6631034827615,0.533636132391581,21976.86840592833,0.0
cust0801,550.0779573561641,4831.861121990445,0.5791624202797158,18436.614151733625,0.0
cust0802,681.1628345264027,1566.7872739949817,0.4115576394039728,16020.05544995623,0.0
cust0803,699.5685209208452,2936.751703625948,0.4281306678467333,18755.131723596623,0.0
cust0804,619.6456755274108,3600.90474418015,0.5433263873404063,21570.64748225333,0.0
cust0805,679.5201784286819,4843.76823668326,0.4874563296489235,18419.58519438513,0.0
cust0806,571.5425900663734,6998.116580465794,0.4807097241627376,21571.69341565715,0.0
cust0807,560.144321688751,3726.3931278283385,0.4273933269088472,22195.75066850209,0.0
cust0808,602.0462374364462,2311.627045475213,0.5013540081435576,24165.897156350908,0.0
cust0809,621.747051918395,4482.721692641558,0.4253090622392754,26413.9748441949,0.0
cust0810,580.300665937844,5585.194947448852,0.4953240912621081,20390.037092394286,0.0
cust0811,626.8884095184242,4129.616945175401,0.5527230597923314,13461.117174261695,0.0
cust0812,615.3194741036707,2912.0217458148486,0.4516528715774327,18274.47951590405,0.0
cust0813,550.0846612354472,5149.592729776023,0.4961572336359454,20220.312837033,0.0
cust0814,625.9396508725861,4796.254742198122,0.5984031938793671,10821.15621911455,0.0
cust0815,643.176412126076,2768.7029869652506,0.5373300846708075,26943.32260051241,0.0
cust0816,608.5734658795195,4457.71074104121,0.5682713542610397,20711.889562552333,0.0
cust0817,657.6324051630846,5196.718681190647,0.4829695213121091,21906.764172901425,0.0
cust0818,539.1298103251524,5418.268051070672,0.5535721846251711,26827.63231263133,0.0
cust0819,623.3975211065925,3920.261229628653,0.4081018345882644,16849.285849288266,0.0
cust0820,541.4859646801613,3570.304664584817,0.424582236508449,22870.20965442015,0.0
cust0821,544.2959320883456,5472.728586497515,0.4406141185840124,19450.67938449032,0.0
cust0822,568.4534583131104,2547.807396422938,0.4803903849230439,19079.565664920403,0.0
cust0823,552.8969908212878,4526.295149105206,0.5691489756651527,16139.038060978104,0.0
cust0824,572.6002090629431,2355.968047162685,0.4692532101575861,28328.01606843264,0.0
cust0825,589.2924844644406,5278.451526711523,0.5309242387030926,18122.499799622143,0.0
cust0826,641.8577243165693,3690.345381266606,0.5418628589606966,23497.32123447851,0.0
cust0827,583.9420480647149,5522.299882776963,0.5172364708176683,10624.963062640318,0.0
cust0828,520.7187146615204,4589.695307626633,0.4714483936340272,25899.94264844893,0.0
cust0829,657.003392324758,2532.135723925684,0.5154106683427089,25261.055779785293,0.0
cust0830,558.145493319248,5709.553278492692,0.4684531185579492,20487.170551486517,0.0
cust0831,597.0639786447686,5861.494319713275,0.4167747477104024,18865.28766931038,0.0
cust0832,622.3268253470355,5058.743791119059,0.5985607956372029,22000.000028067832,0.0
cust0833,609.9805209201392,3086.0945619565364,0.4254364907265022,31443.95330440145,0.0
cust0834,654.7089773760738,3632.7832547711096,0.4144696767672114,11183.816505482577,0.0
cust0835,623.9501571696379,4174.512660886911,0.5757061498414312,23910.13693787064,0.0
cust0836,556.9345210151446,3155.54752080228,0.460366932178579,15441.913489230486,0.0
cust0837,700.0,6030.815886955846,0.5300593948147015,19900.408018501344,0.0
cust0838,609.7166731669116,4173.191766071244,0.4658011459324466,18760.599404606684,0.0
cust0839,592.6329886689247,755.9823434711711,0.4782908541588942,17858.408711011223,0.0
cust0840,648.1962711527785,4407.226975307464,0.4524225944033593,19947.674354736355,0.0
cust0841,612.4725472965036,3582.211123819224,0.468608801158602,14329.144273611048,0.0
cust0842,619.9614096469663,3910.0881326578624,0.4821400801173086,25145.902180639838,0.0
cust0843,700.0,3557.656761057161,0.5440832138184686,11029.282444006998,0.0
cust0844,586.2439285872476,4968.455699928025,0.5023072388469584,22698.82256414171,0.0
cust0845,584.1119552991302,5343.6253342640575,0.5887130434313954,18367.320737327143,0.0
cust0846,605.8289256006232,4339.6637947103845,0.4083760787677551,14145.37553096273,0.0
cust0847,653.575796779052,3592.826575434209,0.5006136645264057,21011.91685299348,0.0
cust0848,524.6732984904801,3950.395354228996,0.5168449577663436,12215.244566467609,0.0
cust0849,501.7222054261748,4023.519539893154,0.5840393972148548,20198.56910859817,0.0
cust0850,570.6442364689926,3037.083952162196,0.4098317047242855,12885.615460942228,0.0
cust0851,518.3038520470357,4694.714378285482,0.5146999169870432,22306.36042158916,0.0
cust0852,578.7584326237181,4552.05078863256,0.5707259857055914,15378.21333184812,0.0
cust0853,625.1249848064645,5848.529487732008,0.4483855456238473,17745.029914853454,0.0
cust0854,555.4625568223868,5506.41973634617,0.5752584697047874,21469.746939715813,0.0
cust0855,528.6586711609328,3177.190098891844,0.4038086818548584,16137.28944078882,0.0
cust0856,603.4668580857674,4984.358049410757,0.546490925826746,19710.18000165849,0.0
cust0857,643.1271742307586,2858.855940286634,0.5866226442337306,12430.847493775733,0.0
cust0858,515.2513280741694,4835.118521129019,0.5314395323280124,23154.378017980776,0.0
cust0859,641.0116199152992,3380.062961487871,0.4878058487960895,28824.569027753856,0.0
cust0860,640.8653101869163,2772.096131949299,0.4089762032945436,33961.04433954981,0.0
cust0861,647.7042551078314,4336.054411236885,0.5840227626645258,20455.8407333322,0.0
cust0862,660.9240107435843,790.5194462150312,0.4940592445383149,23941.02070398593,0.0
cust0863,700.0,1898.8293107137265,0.4057993488671896,11096.871635462554,0.0
cust0864,582.1953975690473,3787.00973947086,0.5379642142657524,27513.67163152794,0.0
cust0865,605.478579003893,4098.930119961811,0.4963674507152516,23881.14252362053,0.0
cust0866,579.1780783375988,3556.817475810173,0.4248690634884822,17580.332775243834,0.0
cust0867,600.0988422377906,2104.6764415388816,0.4428543618620519,26185.904001445047,0.0
cust0868,676.6436677818156,3018.529789433793,0.4128981360911692,18727.61961677329,0.0
cust0869,532.7492758034666,4469.451192684873,0.5148587079417147,17709.874084927218,0.0
cust0870,556.9475163917213,4698.138124754035,0.5244058958504019,22376.674627137458,0.0
cust0871,668.859046825228,3980.5322588848703,0.5011484596710889,14683.227500848408,0.0
cust0872,651.0018253451045,5388.200537244386,0.5634204266005229,25108.12382199974,0.0
cust0873,581.8434176591461,4476.876428151081,0.5722017642616027,14720.050940365783,0.0
cust0874,642.720100056036,3103.053215250145,0.5231248793366253,14749.72605088407,0.0
cust0875,617.0607921246017,3663.397535906059,0.4025512959414861,15451.551057958328,0.0
cust0876,675.0137304500494,2316.5606113505746,0.5390459311495471,23797.50018758061,0.0
cust0877,603.7254796913386,3870.2332115303,0.4835998433840703,16916.12319240146,0.0
cust0878,651.2816056936291,5334.520743065606,0.5131114966452774,13260.021078164156,0.0
cust0879,700.0,4822.348101653161,0.5298161204037769,16971.60000032101,0.0
cust0880,629.9049577523733,5682.411191102947,0.4700473228654153,19839.78814659757,0.0
cust0881,602.4664082897422,3636.537707441208,0.5834197010343588,14095.137581678073,0.0
cust0882,636.122349261049,5615.3197534171095,0.4267949733499562,14241.594454828282,0.0
cust0883,581.7359570898058,3768.034928262436,0.5343023614562075,30556.481670497924,0.0
cust0884,700.0,5765.902099083873,0.4008719159913161,15697.172980930563,0.0
cust0885,609.0035518847991,3973.771903069452,0.5849302210810361,18384.788156134968,0.0
cust0886,586.3533339887243,4848.677648565132,0.4225008266476183,18163.81499600357,0.0
cust0887,558.2155497489982,5770.134837171827,0.4189768460295149,17893.21596114779,0.0
cust0888,654.8610095803219,3767.886845702553,0.4666015266104488,23106.73369984551,0.0
cust0889,643.3593706413869,4262.066785053009,0.4747132572078161,24740.714752360247,0.0
cust0890,575.1322814292953,5546.636110247563,0.4428600144645757,18470.22784234204,0.0
cust0891,628.8225672561211,3840.396203283924,0.517024332185425,13817.608567038256,0.0
cust0892,524.5722015893572,2414.929260992607,0.4885828196083927,26372.20113924452,0.0
cust0893,609.2485287536579,6571.608465501891,0.4068351178082175,19523.294544016582,0.0
cust0894,622.6378176038347,3436.282642795436,0.4639304124510601,28651.609074285843,0.0
cust0895,685.3664904779612,4190.507261125052,0.5620865827146341,10000.0,0.0
cust0896,561.4590598635655,5387.208003341352,0.5379403069723737,20977.0161064166,0.0
cust0897,536.0823685598838,3269.807315522558,0.5449741707159761,29593.03166938104,0.0
cust0898,555.2286019537479,2790.5585041334434,0.5396233848167047,18233.67932280921,0.0
cust0899,533.171574984254,4304.4847561298,0.4621946042766066,18872.53288332682,0.0
cust0900,666.8328678879492,1848.3083225051323,0.4199327844153552,21477.55845795169,0.0
cust0901,677.4319647512018,3654.512707758496,0.4544934368066192,17206.020905575213,0.0
cust0902,616.0108288974415,4294.046397178488,0.5663570600370318,18439.640339736336,0.0
cust0903,661.0647472842574,3676.057723809803,0.5960941595566143,18310.924529042983,0.0
cust0904,606.6979190290118,2147.8588681771034,0.4987694029483123,16862.896327868133,0.0
cust0905,595.2444176149617,5913.013547444814,0.4019400709846085,26144.2827510028,0.0
cust0906,583.3481190473119,4124.245784739011,0.4280089624268458,22305.390161482177,0.0
cust0907,584.4804504311218,5717.382541314089,0.4644161150632531,21253.14116051651,0.0
cust0908,522.6099221845484,3687.9564997834655,0.51571706971859,24042.855034450586,0.0
cust0909,613.212738180367,2943.985621971083,0.4150187291610628,18678.220833982665,0.0
cust0910,597.9833044892978,4323.017104306192,0.5886714597419763,16128.980908235497,0.0
cust0911,637.2680362038938,3741.055448406136,0.4730167346568801,16986.878476927213,0.0
cust0912,604.6761748219304,2586.68625041037,0.5825168435849646,20008.915205523044,0.0
cust0913,591.8648149215454,5763.741110544995,0.5561043605514043,14703.94145813549,0.0
cust0914,556.4403484996185,3253.275732527205,0.5510874545031162,17498.694917066623,0.0
cust0915,603.6076618410881,1791.6803382453177,0.5213439159564464,17419.416790642827,0.0
cust0916,636.9118615408081,5593.799264748799,0.5253567634103689,30622.78114914507,0.0
cust0917,542.833050445807,3394.8423810248523,0.5276006470432496,10000.0,0.0
cust0918,604.373687684037,3270.611328861251,0.5257442774051164,19101.901392971835,0.0
cust0919,611.6521475764742,1881.534895564031,0.5107456462796722,28628.46896407385,0.0
cust0920,564.0967608190867,6089.129783916389,0.5972828036965778,20609.22232066227,0.0
cust0921,570.6071847546,2452.623295348375,0.5464581134851392,23767.087367105465,0.0
cust0922,611.5305424383107,4070.13937684678,0.5553892776785042,20499.13157549884,0.0
cust0923,543.3289490853689,5095.144387048529,0.5744925630167348,16663.333093917598,0.0
cust0924,617.4961857624696,4506.060319603716,0.4431279525451698,10000.0,0.0
cust0925,555.23228131704,3928.41482560937,0.4167608318190122,21027.278435181517,0.0
cust0926,653.1426846516608,1958.0009700551004,0.4965788873197197,16121.966976988044,0.0
cust0927,700.0,3028.330197079259,0.5028161391238546,15998.32296917348,0.0
cust0928,556.962159914909,4225.360405651027,0.5658363559899835,17505.06372010444,0.0
cust0929,626.7103931187337,3055.3911160156044,0.4887567158564671,28724.307033117468,0.0
cust0930,563.662904755899,4244.031351998521,0.5141706051088626,32024.187711269864,0.0
cust0931,652.0477086898894,4818.09209057817,0.5054141877026916,21086.039687642005,0.0
cust0932,536.7370795457392,5155.003462960122,0.4076405567514782,17676.16388044136,0.0
cust0933,624.0293379213856,2528.58477062478,0.5230429793193828,14113.867912743948,0.0
cust0934,556.3505516555324,6635.975265974745,0.5656086571548504,22342.700807730347,0.0
cust0935,589.6507705450815,4920.975213464957,0.4315001096151608,28914.52800032572,0.0
cust0936,548.4487362426346,3997.943015597123,0.5188663467853192,18763.298064874216,0.0
cust0937,641.1175235447877,5307.443899691969,0.5187221088892828,10000.0,0.0
cust0938,558.1509822780206,6838.489326399968,0.4328369928112717,23350.248359077617,0.0
cust0939,627.5982129665914,2273.5358787317564,0.4246927147461472,24926.99855725025,0.0
cust0940,582.7950985868833,3729.684829010376,0.596010388595297,12070.771798070764,0.0
cust0941,594.2763814100568,1145.8820081520062,0.4787438339306075,20882.420918314765,0.0
cust0942,607.3877953700064,4231.18183917763,0.4454843457447058,22256.13008068049,0.0
cust0943,561.9087664170576,4438.473090310169,0.434264908890875,19634.463489955306,0.0
cust0944,610.5183556770444,3953.0054614686887,0.5335203427166471,16046.145404573232,0.0
cust0945,676.5167282177206,3214.559714802028,0.5218890594654557,25079.686117817782,0.0
cust0946,561.0952607083643,1540.5825805740096,0.5287104245974835,17983.10127015659,0.0
cust0947,658.5905071636922,4448.240420094123,0.4176012055022904,12574.06918650034,0.0
cust0948,674.9048816743892,5746.52138069839,0.5787069166996874,10000.0,0.0
cust0949,559.1922505485978,3290.777853119881,0.4778532793618096,26304.247599996543,0.0
cust0950,527.2472697454724,4528.071914827774,0.4626738812860715,23083.31988235559,0.0
cust0951,615.0980450085882,2118.22682389594,0.4924722894495478,20439.867735645847,0.0
cust0952,572.6296238616563,4548.655676431017,0.4780132131495256,17798.62681574598,0.0
cust0953,693.4301609581502,3527.941242706412,0.5727154006278292,17355.007928984363,0.0
cust0954,601.7403770249916,3085.0984592765026,0.5858521950395784,14621.316757791945,0.0
cust0955,559.8900295982411,3087.5636305406438,0.4606906432899212,17842.721777200575,0.0
cust0956,542.6420244494144,3527.666101560388,0.5727871614919909,10000.0,0.0
cust0957,654.4952479545415,4458.9199788310425,0.5563046259066134,16319.68173265743,0.0
cust0958,571.4408012957907,2425.4041585653786,0.5861615344689524,18445.31241824453,0.0
cust0959,602.1914399730214,3523.4616021185766,0.4491500624371776,23049.400235952096,0.0
cust0960,647.790137255624,3950.233866401023,0.5153918300241959,19800.36768313318,0.0
cust0961,575.7870824034585,2681.1529305617687,0.4549089169480889,23974.615569377795,0.0
cust0962,597.7035585629919,6155.9982420100205,0.5648188980968748,26745.67552556715,0.0
cust0963,599.171579508874,2975.80542392639,0.4010648381142129,25290.85046912051,0.0
cust0964,634.1662255758046,3196.675703639811,0.5129638325772792,22352.549236892784,0.0
cust0965,629.5372167755163,2826.0304602130027,0.4678406862543836,20059.31339590392,0.0
cust0966,588.9943134372586,6158.17610456574,0.464536741415564,15096.059957932204,0.0
cust0967,603.1824530748258,4663.486274319378,0.5289812647729834,23699.72025689658,0.0
cust0968,581.4110494238256,2876.0895925076293,0.5702968898627988,28398.736911107648,0.0
cust0969,526.1193796540277,5327.477870631963,0.5218390782786653,21710.53019825209,0.0
cust0970,612.8800428699064,4240.838433146654,0.5706345957293445,29586.295742130613,0.0
cust0971,694.6095880416534,4308.704105333802,0.452919422376206,12372.14145969458,0.0
cust0972,555.8140429654469,3586.627349497057,0.5039003709529962,14229.183076102294,0.0
cust0973,561.3485145198648,3100.700815651632,0.4901073078134152,24276.007538741316,0.0
cust0974,556.4636114178129,4405.319318865521,0.4023289799006193,21321.451050766256,0.0
cust0975,636.2295889361561,3345.8953240052915,0.5113624286281481,26568.91088285904,0.0
cust0976,622.424272709822,6180.106755490126,0.532304864829235,19922.6417963663,0.0
cust0977,592.0731153791771,2476.8506737082757,0.518382880883814,15660.12288735834,0.0
cust0978,554.0990469180517,5843.388127425935,0.5472559797566843,18932.033788974783,0.0
cust0979,604.6188395819962,3866.417381442639,0.5142679056906154,12336.58014538133,0.0
cust0980,521.7688936332098,4358.902880825327,0.4133500509701514,14357.046634514829,0.0
cust0981,607.1713283428746,4999.789319955322,0.4232891048169423,24862.21998959005,0.0
cust0982,643.5762193043967,3243.7008459946765,0.5192949155087905,24363.93707234805,0.0
cust0983,537.4400431683162,5037.098061638364,0.454995838394728,21815.021424030383,0.0
cust0984,523.3740861585168,750.9473735425872,0.4159290258069532,11394.612395197651,0.0
cust0985,678.9718945847429,3136.012560133673,0.4859205486897093,18207.98212243556,0.0
cust0986,569.4120180247708,2891.1246311907216,0.5108645196167311,13875.000556699746,0.0
cust0987,656.7973922971911,2495.792785153886,0.4657491976699213,25882.666268938825,0.0
cust0988,592.3001167401084,3742.0541943052585,0.5440867404451556,17081.389332186995,0.0
cust0989,591.9022591529337,4462.899961818034,0.5287541216202489,14571.261446092252,0.0
cust0990,621.9206349748323,4843.191998199167,0.4665636722183344,20148.980825607123,0.0
cust0991,555.800057162678,4289.052108640489,0.5509745057817121,16799.227715826943,0.0
cust0992,606.6248571747823,3201.167842127744,0.529739008506607,27418.71955101853,0.0
cust0993,580.9255292587953,4442.819725390201,0.5274890757435804,16325.945512329046,0.0
cust0994,533.9753278297484,4149.142833821021,0.5106855401574136,13003.858703876844,0.0
cust0995,616.87410373632,5123.26740152322,0.4022779336177106,10000.0,0.0
cust0996,586.8346096561042,4932.32404351782,0.5393014366953778,19846.067487932924,0.0
cust0997,592.1487585777646,4036.5716967047542,0.4752083582218313,17190.34943071037,0.0
cust0998,539.4919528292921,2923.296392606492,0.5885219420317311,12855.476967441366,0.0
cust0999,679.5700183881402,3216.459813001503,0.5635969542154411,25946.132306278927,0.0
cust1000,643.8357093193058,3340.25276843436,0.5175388939062624,23336.22573714621,0.0
